exact_core_row_id,pair_id,parasite_label,human_label,compound_key,molecule_chembl_id,canonical_smiles,standard_inchi_key,murcko_scaffold,selectivity_ratio_human_div_parasite,log10_selectivity_ratio,is_selective,selectivity_threshold,label_status,is_trainable_exact_core,exact_evidence_count,ratio_min_human_div_parasite,ratio_median_human_div_parasite,ratio_max_human_div_parasite,log10_ratio_min,log10_ratio_median,log10_ratio_max,n_unique_ratio_values,n_positive_exact_observations,n_negative_exact_observations,parasite_standard_types,human_standard_types,parasite_assay_types,human_assay_types,parasite_activity_chembl_ids,human_activity_chembl_ids,parasite_assay_chembl_ids,human_assay_chembl_ids,parasite_document_chembl_ids,human_document_chembl_ids,n_parasite_documents,n_human_documents
LmDHFR::DYSYUHAHEWMCMM-UHFFFAOYSA-N,LmDHFR,Bifunctional dihydrofolate reductase-thymidylate synthase,Dihydrofolate reductase (human),DYSYUHAHEWMCMM-UHFFFAOYSA-N,CHEMBL5759188,Nc1ncc(N2CCN(c3cccc(-c4cnc(N5CCC5)nc4)c3)CC2)c(N)n1,DYSYUHAHEWMCMM-UHFFFAOYSA-N,c1cc(-c2cnc(N3CCC3)nc2)cc(N2CCN(c3cncnc3)CC2)c1,39.86105061938887,1.6005487412332606,1,10.0,exact_core_consistent,1,2,33.15972222222222,39.86105061938887,47.916666666666664,1.5206108838245156,1.6005487412332606,1.6804865986420057,2,2,0,IC50,IC50,B,B,,,CHEMBL5738782,CHEMBL5738778,CHEMBL5729483,CHEMBL5729483,1,1
LmDHFR::FBOZXECLQNJBKD-ZDUSSCGKSA-N,LmDHFR,Bifunctional dihydrofolate reductase-thymidylate synthase,Dihydrofolate reductase (human),FBOZXECLQNJBKD-ZDUSSCGKSA-N,CHEMBL34259,CN(Cc1cnc2nc(N)nc(N)c2n1)c1ccc(C(=O)N[C@@H](CCC(=O)O)C(=O)O)cc1,FBOZXECLQNJBKD-ZDUSSCGKSA-N,c1ccc(NCc2cnc3ncncc3n2)cc1,8.733624454148472,0.9411945133240932,0,10.0,exact_core_conflicting,0,44,0.4366812227074236,8.733624454148472,38.42794759825328,-0.359835482339888,0.9411945133240932,1.5846471898102807,25,10,34,IC50,IC50,B,B,,,CHEMBL5738782,CHEMBL1034981;CHEMBL1062969;CHEMBL1073056;CHEMBL1113554;CHEMBL1115358;CHEMBL1819662;CHEMBL2050302;CHEMBL2384165;CHEMBL2388428;CHEMBL3226184;CHEMBL3231540;CHEMBL3750438;CHEMBL3755622;CHEMBL3788092;CHEMBL3878855;CHEMBL4005826;CHEMBL4007201;CHEMBL4008609;CHEMBL4146167;CHEMBL4224051;CHEMBL4360404;CHEMBL4624219;CHEMBL4624220;CHEMBL4625702;CHEMBL5110649;CHEMBL5259435;CHEMBL5738778;CHEMBL668274;CHEMBL668441;CHEMBL829464;CHEMBL867007;CHEMBL888665;CHEMBL889604;CHEMBL914524;CHEMBL916823;CHEMBL918699;CHEMBL926353;CHEMBL944098;CHEMBL957672;CHEMBL983757,CHEMBL5729483,CHEMBL1129539;CHEMBL1134503;CHEMBL1139472;CHEMBL1140135;CHEMBL1140703;CHEMBL1140748;CHEMBL1141150;CHEMBL1145401;CHEMBL1145424;CHEMBL1149301;CHEMBL1149313;CHEMBL1149399;CHEMBL1151945;CHEMBL1153868;CHEMBL1155823;CHEMBL1156232;CHEMBL1156263;CHEMBL1159120;CHEMBL1817595;CHEMBL2046359;CHEMBL2380288;CHEMBL2385040;CHEMBL3217611;CHEMBL3227969;CHEMBL3745645;CHEMBL3751663;CHEMBL3784942;CHEMBL3877300;CHEMBL4004829;CHEMBL4004880;CHEMBL4007411;CHEMBL4145451;CHEMBL4219247;CHEMBL4359818;CHEMBL4622881;CHEMBL4622964;CHEMBL5108025;CHEMBL5257091;CHEMBL5729483,1,39
LmDHFR::HRMBCMDDIJSWHA-UHFFFAOYSA-N,LmDHFR,Bifunctional dihydrofolate reductase-thymidylate synthase,Dihydrofolate reductase (human),HRMBCMDDIJSWHA-UHFFFAOYSA-N,CHEMBL6054471,Nc1ncc(N2CCN(c3cnc4ccccc4c3)CC2)c(N)n1,HRMBCMDDIJSWHA-UHFFFAOYSA-N,c1ccc2ncc(N3CCN(c4cncnc4)CC3)cc2c1,34.67741935483871,1.5400467704173515,1,10.0,exact_core_consistent,1,1,34.677419354838705,34.67741935483871,34.677419354838705,1.5400467704173515,1.5400467704173515,1.5400467704173515,1,1,0,IC50,IC50,B,B,,,CHEMBL5738782,CHEMBL5738778,CHEMBL5729483,CHEMBL5729483,1,1
LmDHFR::IEDVJHCEMCRBQM-UHFFFAOYSA-N,LmDHFR,Bifunctional dihydrofolate reductase-thymidylate synthase,Dihydrofolate reductase (human),IEDVJHCEMCRBQM-UHFFFAOYSA-N,CHEMBL22,COc1cc(Cc2cnc(N)nc2N)cc(OC)c1OC,IEDVJHCEMCRBQM-UHFFFAOYSA-N,c1ccc(Cc2cncnc2)cc1,2.7287282536399564,0.4359602876592749,0,10.0,exact_core_consistent,1,2,1.5707317073170732,2.7287282536399564,4.740439024390244,0.19610201064007662,0.4359602876592749,0.6758185646784732,2,0,2,IC50,IC50,B,B,,,CHEMBL4734505,CHEMBL2384165;CHEMBL5736252,CHEMBL4732097,CHEMBL2380288;CHEMBL5728187,1,2
LmDHFR::IPZOXRSTVKZPHN-UHFFFAOYSA-N,LmDHFR,Bifunctional dihydrofolate reductase-thymidylate synthase,Dihydrofolate reductase (human),IPZOXRSTVKZPHN-UHFFFAOYSA-N,CHEMBL4553229,Nc1ncc(N2CCN(c3ccccc3)CC2)c(N)n1,IPZOXRSTVKZPHN-UHFFFAOYSA-N,c1ccc(N2CCN(c3cncnc3)CC2)cc1,25.127744510978044,1.4001535076774387,1,10.0,exact_core_consistent,1,5,25.127744510978044,25.127744510978044,25.127744510978044,1.4001535076774387,1.4001535076774387,1.4001535076774387,1,5,0,IC50,IC50,B,B,,,CHEMBL5738782,CHEMBL5738778,CHEMBL5729483,CHEMBL5729483,1,1
LmDHFR::JFIWMIVDCNPRTN-UHFFFAOYSA-N,LmDHFR,Bifunctional dihydrofolate reductase-thymidylate synthase,Dihydrofolate reductase (human),JFIWMIVDCNPRTN-UHFFFAOYSA-N,CHEMBL5786336,Nc1ncc(N2CCN(c3cccc(C4CCOCC4)c3)CC2)c(N)n1,JFIWMIVDCNPRTN-UHFFFAOYSA-N,c1cc(C2CCOCC2)cc(N2CCN(c3cncnc3)CC2)c1,977.5818639798488,2.9901531359769,1,10.0,exact_core_consistent,1,3,776.5743073047859,977.5818639798488,977.5818639798488,2.8901830179633934,2.9901531359769,2.9901531359769,2,3,0,IC50,IC50,B,B,,,CHEMBL5738782,CHEMBL5738778,CHEMBL5729483,CHEMBL5729483,1,1
LmDHFR::OARVXBUGNHJOSK-UHFFFAOYSA-N,LmDHFR,Bifunctional dihydrofolate reductase-thymidylate synthase,Dihydrofolate reductase (human),OARVXBUGNHJOSK-UHFFFAOYSA-N,CHEMBL5820611,Nc1ncc(N2CCN(c3cccc(-c4cccnn4)c3)CC2)c(N)n1,OARVXBUGNHJOSK-UHFFFAOYSA-N,c1cc(-c2cccnn2)cc(N2CCN(c3cncnc3)CC2)c1,30.190476190476186,1.4798699631478134,1,10.0,exact_core_consistent,1,1,30.19047619047619,30.190476190476186,30.19047619047619,1.4798699631478134,1.4798699631478134,1.4798699631478134,1,1,0,IC50,IC50,B,B,,,CHEMBL5738782,CHEMBL5738778,CHEMBL5729483,CHEMBL5729483,1,1
LmDHFR::OIONZGABSWNRKM-UHFFFAOYSA-N,LmDHFR,Bifunctional dihydrofolate reductase-thymidylate synthase,Dihydrofolate reductase (human),OIONZGABSWNRKM-UHFFFAOYSA-N,CHEMBL5776717,Nc1ncc(N2CCN(c3cccc(-c4ccnc(F)c4)c3)CC2)c(N)n1,OIONZGABSWNRKM-UHFFFAOYSA-N,c1cc(-c2ccncc2)cc(N2CCN(c3cncnc3)CC2)c1,26.885245901639344,1.4295140130369308,1,10.0,exact_core_consistent,1,1,26.885245901639344,26.885245901639344,26.885245901639344,1.4295140130369308,1.4295140130369308,1.4295140130369308,1,1,0,IC50,IC50,B,B,,,CHEMBL5738782,CHEMBL5738778,CHEMBL5729483,CHEMBL5729483,1,1
LmDHFR::UNGXAKLKRHIMSF-UHFFFAOYSA-N,LmDHFR,Bifunctional dihydrofolate reductase-thymidylate synthase,Dihydrofolate reductase (human),UNGXAKLKRHIMSF-UHFFFAOYSA-N,CHEMBL4464707,Nc1ncc(N2CCN(c3cccc(-c4ccnnc4)c3)CC2)c(N)n1,UNGXAKLKRHIMSF-UHFFFAOYSA-N,c1cc(-c2ccnnc2)cc(N2CCN(c3cncnc3)CC2)c1,36.3089161703964,1.5600132853149478,1,10.0,exact_core_consistent,1,2,30.19283746556474,36.3089161703964,43.663911845730034,1.4799039291122378,1.5600132853149478,1.6401226415176577,2,2,0,IC50,IC50,B,B,,,CHEMBL5738782,CHEMBL5738778,CHEMBL5729483,CHEMBL5729483,1,1
LmDHFR::WIVLWIBQXXJWKL-UHFFFAOYSA-N,LmDHFR,Bifunctional dihydrofolate reductase-thymidylate synthase,Dihydrofolate reductase (human),WIVLWIBQXXJWKL-UHFFFAOYSA-N,CHEMBL4456834,Nc1ncc(N2CCN(c3ccc(Cl)cc3)CC2)c(N)n1,WIVLWIBQXXJWKL-UHFFFAOYSA-N,c1ccc(N2CCN(c3cncnc3)CC2)cc1,64.55862977602108,1.8099543041330333,1,10.0,exact_core_consistent,1,3,64.55862977602108,64.55862977602108,144.40052700922266,1.8099543041330333,1.8099543041330333,2.15956877825287,2,3,0,IC50,IC50,B,B,,,CHEMBL5738782,CHEMBL5738778,CHEMBL5729483,CHEMBL5729483,1,1
LmDHFR::WKSAUQYGYAYLPV-UHFFFAOYSA-N,LmDHFR,Bifunctional dihydrofolate reductase-thymidylate synthase,Dihydrofolate reductase (human),WKSAUQYGYAYLPV-UHFFFAOYSA-N,CHEMBL36,CCc1nc(N)nc(N)c1-c1ccc(Cl)cc1,WKSAUQYGYAYLPV-UHFFFAOYSA-N,c1ccc(-c2cncnc2)cc1,0.7245242752978837,-0.1399470588452576,0,10.0,exact_core_consistent,1,9,0.071136404054775,0.7245242752978837,1.1915347679174817,-1.1479080921814406,-0.1399470588452576,0.07610671919142352,5,0,9,IC50,IC50,B,B,,,CHEMBL5738782,CHEMBL2050302;CHEMBL2384165;CHEMBL5538801;CHEMBL5738778;CHEMBL983757,CHEMBL5729483,CHEMBL1155823;CHEMBL2046359;CHEMBL2380288;CHEMBL5537142;CHEMBL5729483,1,5
LmDHFR::YWYMUWNXZFMLTG-UHFFFAOYSA-N,LmDHFR,Bifunctional dihydrofolate reductase-thymidylate synthase,Dihydrofolate reductase (human),YWYMUWNXZFMLTG-UHFFFAOYSA-N,CHEMBL4544467,Nc1ncc(N2CCN(c3ccccc3-c3ccccc3)CC2)c(N)n1,YWYMUWNXZFMLTG-UHFFFAOYSA-N,c1ccc(-c2ccccc2N2CCN(c3cncnc3)CC2)cc1,83.24430983879779,1.9203545570123646,1,10.0,exact_core_consistent,1,2,28.879892037786774,83.24430983879779,239.9460188933873,1.4605955653698626,1.9203545570123646,2.3801135486548666,2,2,0,IC50,IC50,B,B,,,CHEMBL5738782,CHEMBL5738778,CHEMBL5729483,CHEMBL5729483,1,1
LmPTR1::WKSAUQYGYAYLPV-UHFFFAOYSA-N,LmPTR1,Pteridine reductase 1,Dihydrofolate reductase (human),WKSAUQYGYAYLPV-UHFFFAOYSA-N,CHEMBL36,CCc1nc(N)nc(N)c1-c1ccc(Cl)cc1,WKSAUQYGYAYLPV-UHFFFAOYSA-N,c1ccc(-c2cncnc2)cc1,0.29955882352941166,-0.5235178837060723,0,10.0,exact_core_consistent,1,18,0.0294117647058823,0.29955882352941166,0.4926470588235294,-1.5314789170422558,-0.5235178837060723,-0.3074641056693911,5,0,18,IC50,IC50,B,B,,,CHEMBL4388228;CHEMBL5528599,CHEMBL2050302;CHEMBL2384165;CHEMBL5538801;CHEMBL5738778;CHEMBL983757,CHEMBL4387708;CHEMBL5528010,CHEMBL1155823;CHEMBL2046359;CHEMBL2380288;CHEMBL5537142;CHEMBL5729483,2,5
SmDHODH::CUCVTDOXQYMYKL-UHFFFAOYSA-N,SmDHODH,"Dihydroorotate dehydrogenase (quinone), mitochondrial",Dihydroorotate dehydrogenase (human),CUCVTDOXQYMYKL-UHFFFAOYSA-N,CHEMBL1738786,Cc1cc(Nc2ccc(C(F)(F)F)cc2)n2nc(C(C)(F)F)nc2n1,CUCVTDOXQYMYKL-UHFFFAOYSA-N,c1ccc(Nc2ccnc3ncnn23)cc1,0.3333333333333333,-0.47712125471966244,0,10.0,exact_core_consistent,1,1,0.3333333333333333,0.3333333333333333,0.3333333333333333,-0.47712125471966244,-0.47712125471966244,-0.47712125471966244,1,0,1,IC50,IC50,B,B,,,CHEMBL4403495,CHEMBL4403481,CHEMBL4402534,CHEMBL4402534,1,1
SmDHODH::KUCQYCKVKVOKAY-CTYIDZIISA-N,SmDHODH,"Dihydroorotate dehydrogenase (quinone), mitochondrial",Dihydroorotate dehydrogenase (human),KUCQYCKVKVOKAY-CTYIDZIISA-N,CHEMBL1450,O=C1C(O)=C([C@H]2CC[C@H](c3ccc(Cl)cc3)CC2)C(=O)c2ccccc21,KUCQYCKVKVOKAY-CTYIDZIISA-N,O=C1C=C(C2CCC(c3ccccc3)CC2)C(=O)c2ccccc21,33.564814814814824,1.525884255420063,1,10.0,exact_core_conflicting,0,6,6.018518518518518,33.564814814814824,33.72093023255814,0.7794896011559058,1.525884255420063,1.5278995466553884,4,4,2,IC50,IC50,B,B,,,CHEMBL4390974;CHEMBL4403495,CHEMBL2340292;CHEMBL4403481;CHEMBL4618426,CHEMBL4390643;CHEMBL4402534,CHEMBL2331175;CHEMBL4402534;CHEMBL4616673,2,3
SmDHODH::PHEZJEYUWHETKO-UHFFFAOYSA-N,SmDHODH,"Dihydroorotate dehydrogenase (quinone), mitochondrial",Dihydroorotate dehydrogenase (human),PHEZJEYUWHETKO-UHFFFAOYSA-N,CHEMBL38434,Cc1c(-c2ccc(-c3ccccc3F)cc2)nc2ccc(F)cc2c1C(=O)O,PHEZJEYUWHETKO-UHFFFAOYSA-N,c1ccc(-c2ccc(-c3ccc4ccccc4n3)cc2)cc1,0.00040987803063838416,-3.3873453591370684,0,10.0,exact_core_consistent,1,48,2.4e-05,0.00040987803063838416,0.0019905,-4.619788758288394,-3.3873453591370684,-2.7010378180798833,17,0,48,IC50,IC50,B,B,,,CHEMBL4390974;CHEMBL4403495,CHEMBL1106928;CHEMBL2340288;CHEMBL2340292;CHEMBL2388704;CHEMBL3411803;CHEMBL3590869;CHEMBL3594613;CHEMBL3822209;CHEMBL3865521;CHEMBL3865525;CHEMBL4137384;CHEMBL4224224;CHEMBL4262431;CHEMBL4403481;CHEMBL4618428;CHEMBL4703073;CHEMBL4723394;CHEMBL4833342;CHEMBL4835653;CHEMBL5053601;CHEMBL5111970;CHEMBL5551445;CHEMBL5736422;CHEMBL863437,CHEMBL4390643;CHEMBL4402534,CHEMBL1147753;CHEMBL1155383;CHEMBL2331175;CHEMBL2385048;CHEMBL3407366;CHEMBL3588748;CHEMBL3593177;CHEMBL3817841;CHEMBL3864183;CHEMBL4130632;CHEMBL4219256;CHEMBL4261511;CHEMBL4402534;CHEMBL4616673;CHEMBL4699538;CHEMBL4715855;CHEMBL4831530;CHEMBL4834424;CHEMBL5053485;CHEMBL5108054;CHEMBL5550131;CHEMBL5728275,2,22
SmDHODH::UTNUDOFZCWSZMS-YFHOEESVSA-N,SmDHODH,"Dihydroorotate dehydrogenase (quinone), mitochondrial",Dihydroorotate dehydrogenase (human),UTNUDOFZCWSZMS-YFHOEESVSA-N,CHEMBL973,C/C(O)=C(\C#N)C(=O)Nc1ccc(C(F)(F)F)cc1,UTNUDOFZCWSZMS-YFHOEESVSA-N,c1ccccc1,0.007433115093956237,-2.1288291425524775,0,10.0,exact_core_consistent,1,36,0.0026,0.007433115093956237,0.1002374,-2.5850266520291822,-2.1288291425524775,-0.9989702067814364,17,0,36,IC50,IC50,B,B,,,CHEMBL4390974;CHEMBL4403495,CHEMBL1930744;CHEMBL2187569;CHEMBL2434279;CHEMBL3296347;CHEMBL3296353;CHEMBL3411803;CHEMBL3413103;CHEMBL3590869;CHEMBL3810850;CHEMBL4137384;CHEMBL4403481;CHEMBL4833342;CHEMBL5044068;CHEMBL5140113;CHEMBL5354022;CHEMBL879486;CHEMBL911103;CHEMBL984852,CHEMBL4390643;CHEMBL4402534,CHEMBL1138463;CHEMBL1139229;CHEMBL1140402;CHEMBL1926525;CHEMBL2177103;CHEMBL2429811;CHEMBL3286300;CHEMBL3407366;CHEMBL3407421;CHEMBL3588748;CHEMBL3808318;CHEMBL4130632;CHEMBL4402534;CHEMBL4831530;CHEMBL5042506;CHEMBL5137035;CHEMBL5352423,2,17
SmHDAC8::AJRGHIGYPXNABY-UHFFFAOYSA-N,SmHDAC8,Histone deacetylase 8,Histone deacetylase 8 (human),AJRGHIGYPXNABY-UHFFFAOYSA-N,CHEMBL2170177,COc1ccc(Cn2ccc3ccc(C(=O)NO)cc32)cc1,AJRGHIGYPXNABY-UHFFFAOYSA-N,c1ccc(Cn2ccc3ccccc32)cc1,0.02727272727272719,-1.5642714304385639,0,10.0,exact_core_conflicting,0,87,0.0091590909090909,0.02727272727272719,11.47842056932966,-2.0381476303450783,-1.5642714304385639,1.0598821332522814,48,3,84,IC50,IC50,B,B,,,CHEMBL3803623;CHEMBL4158657;CHEMBL4843953,CHEMBL2175141;CHEMBL3384061;CHEMBL3391486;CHEMBL3772309;CHEMBL3801582;CHEMBL3803862;CHEMBL4027180;CHEMBL4037066;CHEMBL4158658;CHEMBL4158667;CHEMBL4158668;CHEMBL4193702;CHEMBL4198266;CHEMBL4326250;CHEMBL4422780;CHEMBL4431250;CHEMBL4610131;CHEMBL4619650;CHEMBL4619653;CHEMBL4771510;CHEMBL4843955;CHEMBL5039568;CHEMBL5117691;CHEMBL5576850;CHEMBL5586551;CHEMBL5626093;CHEMBL5626101;CHEMBL5716484;CHEMBL5732287,CHEMBL3797085;CHEMBL4152383;CHEMBL4842354,CHEMBL2169804;CHEMBL3352592;CHEMBL3390834;CHEMBL3769398;CHEMBL3797085;CHEMBL4024766;CHEMBL4033774;CHEMBL4152383;CHEMBL4190328;CHEMBL4196067;CHEMBL4325829;CHEMBL4422610;CHEMBL4428137;CHEMBL4609972;CHEMBL4616727;CHEMBL4765362;CHEMBL4842354;CHEMBL5038586;CHEMBL5113481;CHEMBL5576062;CHEMBL5584302;CHEMBL5625174;CHEMBL5715942;CHEMBL5726205,3,24
SmHDAC8::BBBOKCZDRCMPOZ-UHFFFAOYSA-N,SmHDAC8,Histone deacetylase 8,Histone deacetylase 8 (human),BBBOKCZDRCMPOZ-UHFFFAOYSA-N,CHEMBL3797843,O=C(NO)c1ccc(Cl)c(NC(=O)c2ccccc2)c1,BBBOKCZDRCMPOZ-UHFFFAOYSA-N,O=C(Nc1ccccc1)c1ccccc1,1.7829467669302332,0.2511383767291527,0,10.0,exact_core_consistent,1,2,1.7748853719863926,1.7829467669302332,1.791044776119403,0.24917031011150698,0.2511383767291527,0.2531064433467984,2,0,2,IC50,IC50,B,B,,,CHEMBL3803623;CHEMBL4014727,CHEMBL3803862,CHEMBL3797085;CHEMBL4014283,CHEMBL3797085,2,1
SmHDAC8::BRRUGOHQKBWIIK-UHFFFAOYSA-N,SmHDAC8,Histone deacetylase 8,Histone deacetylase 8 (human),BRRUGOHQKBWIIK-UHFFFAOYSA-N,CHEMBL3798503,COc1ccc(C(=O)NO)cc1NC(=O)c1ccc(Cl)cc1,BRRUGOHQKBWIIK-UHFFFAOYSA-N,O=C(Nc1ccccc1)c1ccccc1,1.6500518103947475,0.21749758095044178,0,10.0,exact_core_consistent,1,2,1.641780821917808,1.6500518103947475,1.6583644665836448,0.2153151782492167,0.21749758095044178,0.21967998365166685,2,0,2,IC50,IC50,B,B,,,CHEMBL3803623;CHEMBL4014727,CHEMBL3803862,CHEMBL3797085;CHEMBL4014283,CHEMBL3797085,2,1
SmHDAC8::BVKMEBMGKCRGMV-UHFFFAOYSA-N,SmHDAC8,Histone deacetylase 8,Histone deacetylase 8 (human),BVKMEBMGKCRGMV-UHFFFAOYSA-N,CHEMBL4867661,COc1ccc(C(=O)NO)cc1NC(=O)c1cccc2cccnc12,BVKMEBMGKCRGMV-UHFFFAOYSA-N,O=C(Nc1ccccc1)c1cccc2cccnc12,0.5454545454545454,-0.26324143477458145,0,10.0,exact_core_consistent,1,1,0.5454545454545454,0.5454545454545454,0.5454545454545454,-0.26324143477458145,-0.26324143477458145,-0.26324143477458145,1,0,1,IC50,IC50,B,B,,,CHEMBL4843953,CHEMBL4843955,CHEMBL4842354,CHEMBL4842354,1,1
SmHDAC8::CCCMMGJIXOMUTG-UHFFFAOYSA-N,SmHDAC8,Histone deacetylase 8,Histone deacetylase 8 (human),CCCMMGJIXOMUTG-UHFFFAOYSA-N,CHEMBL3799728,O=C(NO)c1ccc(C(F)(F)F)c(NC(=O)c2ccccc2)c1,CCCMMGJIXOMUTG-UHFFFAOYSA-N,O=C(Nc1ccccc1)c1ccccc1,2.4651015839651587,0.39183482075178566,0,10.0,exact_core_consistent,1,2,2.451289398280802,2.4651015839651587,2.4789915966386555,0.38939458691793916,0.39183482075178566,0.3942750545856322,2,0,2,IC50,IC50,B,B,,,CHEMBL3803623;CHEMBL4014727,CHEMBL3803862,CHEMBL3797085;CHEMBL4014283,CHEMBL3797085,2,1
SmHDAC8::CDCGMRYYMQFOPS-UHFFFAOYSA-N,SmHDAC8,Histone deacetylase 8,Histone deacetylase 8 (human),CDCGMRYYMQFOPS-UHFFFAOYSA-N,CHEMBL3798848,O=C(NO)c1cccc(N(Cc2ccccc2)Cc2ccccc2)c1,CDCGMRYYMQFOPS-UHFFFAOYSA-N,c1ccc(CN(Cc2ccccc2)c2ccccc2)cc1,0.23573735199138857,-0.6275715991535235,0,10.0,exact_core_consistent,1,1,0.2357373519913886,0.23573735199138857,0.2357373519913886,-0.6275715991535235,-0.6275715991535235,-0.6275715991535235,1,0,1,IC50,IC50,B,B,,,CHEMBL3803623,CHEMBL3803862,CHEMBL3797085,CHEMBL3797085,1,1
SmHDAC8::CNGUERNKNNKCCR-UHFFFAOYSA-N,SmHDAC8,Histone deacetylase 8,Histone deacetylase 8 (human),CNGUERNKNNKCCR-UHFFFAOYSA-N,CHEMBL3799183,O=C(NO)c1ccc(Cl)c(NC(=O)c2ccc(Oc3ccccc3)cc2)c1,CNGUERNKNNKCCR-UHFFFAOYSA-N,O=C(Nc1ccccc1)c1ccc(Oc2ccccc2)cc1,1.1041030578787423,0.04300961268587953,0,10.0,exact_core_consistent,1,2,1.1030538249412725,1.1041030578787423,1.1051532888543243,0.0425967049194708,0.04300961268587953,0.04342252045228826,2,0,2,IC50,IC50,B,B,,,CHEMBL3803623;CHEMBL4014727,CHEMBL3803862,CHEMBL3797085;CHEMBL4014283,CHEMBL3797085,2,1
SmHDAC8::CNQMONFWJQCMJW-UHFFFAOYSA-N,SmHDAC8,Histone deacetylase 8,Histone deacetylase 8 (human),CNQMONFWJQCMJW-UHFFFAOYSA-N,CHEMBL3799297,COc1ccc(C(=O)Nc2cc(C(=O)NO)ccc2OC)cc1,CNQMONFWJQCMJW-UHFFFAOYSA-N,O=C(Nc1ccccc1)c1ccccc1,0.7234447306644087,-0.14059464227035195,0,10.0,exact_core_consistent,1,2,0.7195520298646756,0.7234447306644087,0.7273584905660376,-0.14293779732689055,-0.14059464227035195,-0.13825148721381333,2,0,2,IC50,IC50,B,B,,,CHEMBL3803623;CHEMBL4014727,CHEMBL3803862,CHEMBL3797085;CHEMBL4014283,CHEMBL3797085,2,1
SmHDAC8::CWISRDFYKNBKMA-UHFFFAOYSA-N,SmHDAC8,Histone deacetylase 8,Histone deacetylase 8 (human),CWISRDFYKNBKMA-UHFFFAOYSA-N,CHEMBL3799246,CCOc1ccc(C(=O)NO)cc1NC(=O)c1ccc(-c2ccccc2)cc1,CWISRDFYKNBKMA-UHFFFAOYSA-N,O=C(Nc1ccccc1)c1ccc(-c2ccccc2)cc1,1.6233779236252432,0.21041963568496846,0,10.0,exact_core_consistent,1,2,1.6163043478260868,1.6233779236252432,1.6304824561403508,0.2085231411763989,0.21041963568496846,0.212316130193538,2,0,2,IC50,IC50,B,B,,,CHEMBL3803623;CHEMBL4014727,CHEMBL3803862,CHEMBL3797085;CHEMBL4014283,CHEMBL3797085,2,1
SmHDAC8::DFZIVCDTMKHRDI-UHFFFAOYSA-N,SmHDAC8,Histone deacetylase 8,Histone deacetylase 8 (human),DFZIVCDTMKHRDI-UHFFFAOYSA-N,CHEMBL3799265,COc1ccc(C(=O)NO)cc1NC(=O)Cc1ccccc1,DFZIVCDTMKHRDI-UHFFFAOYSA-N,O=C(Cc1ccccc1)Nc1ccccc1,2.8091207187755463,0.44857040291519845,0,10.0,exact_core_consistent,1,2,2.803503010399562,2.8091207187755463,2.8147496840138486,0.4477010267798731,0.44857040291519845,0.4494397790505238,2,0,2,IC50,IC50,B,B,,,CHEMBL3803623;CHEMBL4014727,CHEMBL3803862,CHEMBL3797085;CHEMBL4014283,CHEMBL3797085,2,1
SmHDAC8::DKTRHHBNSNEPKV-UHFFFAOYSA-N,SmHDAC8,Histone deacetylase 8,Histone deacetylase 8 (human),DKTRHHBNSNEPKV-UHFFFAOYSA-N,CHEMBL3798028,CCOc1ccc(C(=O)NO)cc1NC(=O)c1ccccc1,DKTRHHBNSNEPKV-UHFFFAOYSA-N,O=C(Nc1ccccc1)c1ccccc1,1.3288415971946854,0.1234732145286461,0,10.0,exact_core_consistent,1,2,1.3263727764887856,1.3288415971946854,1.3313150131967086,0.1226655994983952,0.1234732145286461,0.124280829558897,2,0,2,IC50,IC50,B,B,,,CHEMBL3803623;CHEMBL4014727,CHEMBL3803862,CHEMBL3797085;CHEMBL4014283,CHEMBL3797085,2,1
SmHDAC8::DORPIZJGSLWDIY-UHFFFAOYSA-N,SmHDAC8,Histone deacetylase 8,Histone deacetylase 8 (human),DORPIZJGSLWDIY-UHFFFAOYSA-N,CHEMBL2178342,O=C(NO)c1cccc(-c2cn(CSc3ccccc3)nn2)c1,DORPIZJGSLWDIY-UHFFFAOYSA-N,c1ccc(SCn2cc(-c3ccccc3)nn2)cc1,0.7337526205450733,-0.13445033468983833,0,10.0,exact_core_consistent,1,5,0.4612159329140461,0.7337526205450733,7.819706498951781,-0.3360956982179077,-0.13445033468983833,0.8931904527685737,4,0,5,IC50,IC50,B,B,,,CHEMBL4158657,CHEMBL4158658;CHEMBL4158667;CHEMBL4158668;CHEMBL5626093;CHEMBL5626105,CHEMBL4152383,CHEMBL4152383;CHEMBL5625174,1,2
SmHDAC8::DSWXYOCCSDFQSQ-UHFFFAOYSA-N,SmHDAC8,Histone deacetylase 8,Histone deacetylase 8 (human),DSWXYOCCSDFQSQ-UHFFFAOYSA-N,CHEMBL3797442,COc1ccc(C(=O)NO)cc1NC(=O)c1ccc(Cl)cc1Cl,DSWXYOCCSDFQSQ-UHFFFAOYSA-N,O=C(Nc1ccccc1)c1ccccc1,4.534663182564441,0.656545034861159,0,10.0,exact_core_consistent,1,2,4.509046052631579,4.534663182564441,4.5604258504532975,0.6540846709467648,0.656545034861159,0.6590053987755531,2,0,2,IC50,IC50,B,B,,,CHEMBL3803623;CHEMBL4014727,CHEMBL3803862,CHEMBL3797085;CHEMBL4014283,CHEMBL3797085,2,1
SmHDAC8::FPOHNWQLNRZRFC-ZHACJKMWSA-N,SmHDAC8,Histone deacetylase 8,Histone deacetylase 8 (human),FPOHNWQLNRZRFC-ZHACJKMWSA-N,CHEMBL483254,Cc1[nH]c2ccccc2c1CCNCc1ccc(/C=C/C(=O)NO)cc1,FPOHNWQLNRZRFC-ZHACJKMWSA-N,c1ccc(CNCCc2c[nH]c3ccccc23)cc1,0.5621255955613346,-0.2501666392970473,0,10.0,exact_core_consistent,1,16,0.0108,0.5621255955613346,4.142222222222222,-1.9665762445130504,-0.2501666392970473,0.6172333942426189,13,0,16,IC50,IC50,B,B,,,CHEMBL4014727,CHEMBL3538489;CHEMBL3778477;CHEMBL3828939;CHEMBL3829034;CHEMBL3998873;CHEMBL4322383;CHEMBL4339274;CHEMBL4346130;CHEMBL4357504;CHEMBL5043902;CHEMBL5138342;CHEMBL5226425;CHEMBL5524164;CHEMBL5550839;CHEMBL5626086;CHEMBL5735574,CHEMBL4014283,CHEMBL3526051;CHEMBL3774354;CHEMBL3826921;CHEMBL3826926;CHEMBL3997794;CHEMBL4321798;CHEMBL4339181;CHEMBL4342521;CHEMBL4354838;CHEMBL5042504;CHEMBL5136998;CHEMBL5226279;CHEMBL5523684;CHEMBL5550109;CHEMBL5625174;CHEMBL5727872,1,16
SmHDAC8::FRUVCGVXUWSDQY-UHFFFAOYSA-N,SmHDAC8,Histone deacetylase 8,Histone deacetylase 8 (human),FRUVCGVXUWSDQY-UHFFFAOYSA-N,CHEMBL4160522,O=C(NO)c1ccc(Cl)c(NC(=O)c2cccc3ccsc23)c1,FRUVCGVXUWSDQY-UHFFFAOYSA-N,O=C(Nc1ccccc1)c1cccc2ccsc12,1.597938144329897,0.20355996390404665,0,10.0,exact_core_consistent,1,1,1.597938144329897,1.597938144329897,1.597938144329897,0.20355996390404665,0.20355996390404665,0.20355996390404665,1,0,1,IC50,IC50,B,B,,,CHEMBL4158657,CHEMBL4158658,CHEMBL4152383,CHEMBL4152383,1,1
SmHDAC8::GIAXUWZVCYGXKO-UHFFFAOYSA-N,SmHDAC8,Histone deacetylase 8,Histone deacetylase 8 (human),GIAXUWZVCYGXKO-UHFFFAOYSA-N,CHEMBL3800287,CC1Sc2ccc(C(=O)NO)cc2NC1=O,GIAXUWZVCYGXKO-UHFFFAOYSA-N,O=C1CSc2ccccc2N1,0.6554054054054054,-0.18348998112871256,0,10.0,exact_core_consistent,1,2,0.6554054054054054,0.6554054054054054,0.6554054054054054,-0.18348998112871256,-0.18348998112871256,-0.18348998112871256,1,0,2,IC50,IC50,B,B,,,CHEMBL3803623;CHEMBL4811326,CHEMBL3803862,CHEMBL3797085;CHEMBL4811216,CHEMBL3797085,2,1
SmHDAC8::GOVYBPLHWIEHEJ-UHFFFAOYSA-N,SmHDAC8,Histone deacetylase 8,Histone deacetylase 8 (human),GOVYBPLHWIEHEJ-UHFFFAOYSA-N,CHEMBL2018302,CN1CCc2c(c3ccccc3n2Cc2ccc(C(=O)NO)cc2)C1,GOVYBPLHWIEHEJ-UHFFFAOYSA-N,c1ccc(Cn2c3c(c4ccccc42)CNCC3)cc1,0.5773742318015563,-0.23854260257534626,0,10.0,exact_core_consistent,1,31,0.2231071387523578,0.5773742318015563,1.865986978656084,-0.6514865333864639,-0.23854260257534626,0.2709086088008665,15,0,31,IC50,IC50,B,B,,,CHEMBL4014727,CHEMBL2340965;CHEMBL2424312;CHEMBL2427138;CHEMBL2432120;CHEMBL3384066;CHEMBL3388106;CHEMBL3707596;CHEMBL3772324;CHEMBL3879716;CHEMBL4035208;CHEMBL4141510;CHEMBL4252385;CHEMBL4322383;CHEMBL4370373;CHEMBL4771489;CHEMBL4842878;CHEMBL4842907;CHEMBL4845107;CHEMBL5096820;CHEMBL5099597;CHEMBL5138144;CHEMBL5138329;CHEMBL5225558;CHEMBL5226458;CHEMBL5230274;CHEMBL5253344;CHEMBL5344772;CHEMBL5524164;CHEMBL5581881;CHEMBL5734509;CHEMBL5737692,CHEMBL4014283,CHEMBL2331470;CHEMBL2417402;CHEMBL2424579;CHEMBL2429834;CHEMBL3351349;CHEMBL3352592;CHEMBL3639018;CHEMBL3769398;CHEMBL3877334;CHEMBL4033665;CHEMBL4138147;CHEMBL4251567;CHEMBL4321798;CHEMBL4368915;CHEMBL4765362;CHEMBL4842326;CHEMBL4842385;CHEMBL5096156;CHEMBL5096224;CHEMBL5136990;CHEMBL5136998;CHEMBL5223156;CHEMBL5226279;CHEMBL5230083;CHEMBL5252522;CHEMBL5344407;CHEMBL5523684;CHEMBL5579854;CHEMBL5727365;CHEMBL5728890,1,30
SmHDAC8::HFIJSVHGZTZLHT-CMDGGOBGSA-N,SmHDAC8,Histone deacetylase 8,Histone deacetylase 8 (human),HFIJSVHGZTZLHT-CMDGGOBGSA-N,CHEMBL4868142,O=C(/C=C/c1ccccc1Oc1c(Cl)cccc1Cl)NO,HFIJSVHGZTZLHT-CMDGGOBGSA-N,c1ccc(Oc2ccccc2)cc1,1.068181818181818,0.02864518144952992,0,10.0,exact_core_consistent,1,1,1.068181818181818,1.068181818181818,1.068181818181818,0.02864518144952992,0.02864518144952992,0.02864518144952992,1,0,1,IC50,IC50,B,B,,,CHEMBL4811364,CHEMBL4811367,CHEMBL4811216,CHEMBL4811216,1,1
SmHDAC8::HRXULFWGEYSULN-UHFFFAOYSA-N,SmHDAC8,Histone deacetylase 8,Histone deacetylase 8 (human),HRXULFWGEYSULN-UHFFFAOYSA-N,CHEMBL2094337,O=C(NO)c1sc2ccccc2c1Cl,HRXULFWGEYSULN-UHFFFAOYSA-N,c1ccc2sccc2c1,0.7155292346472952,-0.14537261740857182,0,10.0,exact_core_consistent,1,2,0.710168699429116,0.7155292346472952,0.7209302325581395,-0.14863847307182976,-0.14537261740857182,-0.14210676174531386,2,0,2,IC50,IC50,B,B,,,CHEMBL4014727;CHEMBL4185210,CHEMBL4185211,CHEMBL4014283;CHEMBL4184137,CHEMBL4184137,2,1
SmHDAC8::HVDKZEVLVRMKJV-UHFFFAOYSA-N,SmHDAC8,Histone deacetylase 8,Histone deacetylase 8 (human),HVDKZEVLVRMKJV-UHFFFAOYSA-N,CHEMBL3798027,O=C(NO)c1ccc(Cl)c(NC(=O)c2cccc(Oc3ccccc3)c2)c1,HVDKZEVLVRMKJV-UHFFFAOYSA-N,O=C(Nc1ccccc1)c1cccc(Oc2ccccc2)c1,1.1292520900199168,0.052790903026459925,0,10.0,exact_core_consistent,1,2,1.1268242445555248,1.1292520900199168,1.1316851664984866,0.051856182619208546,0.052790903026459925,0.0537256234337113,2,0,2,IC50,IC50,B,B,,,CHEMBL3803623;CHEMBL4014727,CHEMBL3803862,CHEMBL3797085;CHEMBL4014283,CHEMBL3797085,2,1
SmHDAC8::IBKKTRVUMQNSHW-UHFFFAOYSA-N,SmHDAC8,Histone deacetylase 8,Histone deacetylase 8 (human),IBKKTRVUMQNSHW-UHFFFAOYSA-N,CHEMBL4870162,CCOc1ccc(C(C)=O)cc1NC(=O)c1cc(C(=O)NO)ccc1Cl,IBKKTRVUMQNSHW-UHFFFAOYSA-N,O=C(Nc1ccccc1)c1ccccc1,1.5714285714285714,0.1962946451439682,0,10.0,exact_core_consistent,1,1,1.5714285714285714,1.5714285714285714,1.5714285714285714,0.1962946451439682,0.1962946451439682,0.1962946451439682,1,0,1,IC50,IC50,B,B,,,CHEMBL4843953,CHEMBL4843955,CHEMBL4842354,CHEMBL4842354,1,1
SmHDAC8::ICMLRCZXRBTKLJ-UHFFFAOYSA-N,SmHDAC8,Histone deacetylase 8,Histone deacetylase 8 (human),ICMLRCZXRBTKLJ-UHFFFAOYSA-N,CHEMBL178727,O=C(CS)NCCCCCC(=O)Nc1ccccc1,ICMLRCZXRBTKLJ-UHFFFAOYSA-N,c1ccccc1,0.0776157092599332,-1.1100503695352035,0,10.0,exact_core_consistent,1,1,0.0776157092599332,0.0776157092599332,0.0776157092599332,-1.1100503695352035,-1.1100503695352035,-1.1100503695352035,1,0,1,IC50,IC50,B,B,,,CHEMBL4014727,CHEMBL946993,CHEMBL4014283,CHEMBL1142268,1,1
SmHDAC8::IGVRDNCZCPXENL-UHFFFAOYSA-N,SmHDAC8,Histone deacetylase 8,Histone deacetylase 8 (human),IGVRDNCZCPXENL-UHFFFAOYSA-N,CHEMBL3797516,COc1ccc(C(=O)NO)cc1OCc1ccccc1,IGVRDNCZCPXENL-UHFFFAOYSA-N,c1ccc(COc2ccccc2)cc1,0.09454841520601534,-1.024345746280081,0,10.0,exact_core_consistent,1,4,0.0887980679918261,0.09454841520601534,0.1006711409395973,-1.0515964832035691,-1.024345746280081,-0.9970950093565929,4,0,4,IC50,IC50,B,B,,,CHEMBL3803623;CHEMBL4014727,CHEMBL3803862;CHEMBL4027180,CHEMBL3797085;CHEMBL4014283,CHEMBL3797085;CHEMBL4024766,2,2
SmHDAC8::IHRMVRSHVCKOFW-UHFFFAOYSA-N,SmHDAC8,Histone deacetylase 8,Histone deacetylase 8 (human),IHRMVRSHVCKOFW-UHFFFAOYSA-N,CHEMBL3798613,O=C1CCSc2ccc(C(=O)NO)cc2N1,IHRMVRSHVCKOFW-UHFFFAOYSA-N,O=C1CCSc2ccccc2N1,0.5060711236189235,-0.2957884427954252,0,10.0,exact_core_consistent,1,2,0.5039544165101969,0.5060711236189235,0.5081967213114754,-0.2976087444143561,-0.2957884427954252,-0.29396814117649434,2,0,2,IC50,IC50,B,B,,,CHEMBL3803623;CHEMBL4014727,CHEMBL3803862,CHEMBL3797085;CHEMBL4014283,CHEMBL3797085,2,1
SmHDAC8::IXVQMXXRQZSYJR-UHFFFAOYSA-N,SmHDAC8,Histone deacetylase 8,Histone deacetylase 8 (human),IXVQMXXRQZSYJR-UHFFFAOYSA-N,CHEMBL4849600,O=C(NO)c1ccc(Cl)c(NC(=O)c2ccc(-c3ccccc3)cc2Cl)c1,IXVQMXXRQZSYJR-UHFFFAOYSA-N,O=C(Nc1ccccc1)c1ccc(-c2ccccc2)cc1,7.09090909090909,0.8507019175322553,0,10.0,exact_core_consistent,1,1,7.090909090909091,7.09090909090909,7.090909090909091,0.8507019175322553,0.8507019175322553,0.8507019175322553,1,0,1,IC50,IC50,B,B,,,CHEMBL4843953,CHEMBL4843955,CHEMBL4842354,CHEMBL4842354,1,1
SmHDAC8::JAYJCKDEPAKXQN-UHFFFAOYSA-N,SmHDAC8,Histone deacetylase 8,Histone deacetylase 8 (human),JAYJCKDEPAKXQN-UHFFFAOYSA-N,CHEMBL4867041,CCOc1ccc(C(=O)NO)cc1NC(=O)c1ccc(Cl)cc1Cl,JAYJCKDEPAKXQN-UHFFFAOYSA-N,O=C(Nc1ccccc1)c1ccccc1,2.3,0.36172783601759284,0,10.0,exact_core_consistent,1,1,2.3,2.3,2.3,0.36172783601759284,0.36172783601759284,0.36172783601759284,1,0,1,IC50,IC50,B,B,,,CHEMBL4843953,CHEMBL4843955,CHEMBL4842354,CHEMBL4842354,1,1
SmHDAC8::JDZUEQCULNQRQU-UHFFFAOYSA-N,SmHDAC8,Histone deacetylase 8,Histone deacetylase 8 (human),JDZUEQCULNQRQU-UHFFFAOYSA-N,CHEMBL3800057,CC(C)Oc1ccc(C(=O)NO)cc1NC(=O)c1ccccc1,JDZUEQCULNQRQU-UHFFFAOYSA-N,O=C(Nc1ccccc1)c1ccccc1,0.13215517302132168,-0.8789158323760546,0,10.0,exact_core_consistent,1,2,0.1317582916855974,0.13215517302132168,0.1325532498400219,-0.880222044654392,-0.8789158323760546,-0.8776096200977171,2,0,2,IC50,IC50,B,B,,,CHEMBL3803623;CHEMBL4014727,CHEMBL3803862,CHEMBL3797085;CHEMBL4014283,CHEMBL3797085,2,1
SmHDAC8::JFWNERIMAUEHNN-MRXNPFEDSA-N,SmHDAC8,Histone deacetylase 8,Histone deacetylase 8 (human),JFWNERIMAUEHNN-MRXNPFEDSA-N,CHEMBL1812335,N[C@H](Cc1ccc(Cl)cc1Cl)C(=O)N1Cc2ccccc2C1,JFWNERIMAUEHNN-MRXNPFEDSA-N,O=C(CCc1ccccc1)N1Cc2ccccc2C1,0.0030938466827088004,-2.509501211807739,0,10.0,exact_core_consistent,1,4,0.0030938466827088,0.0030938466827088004,0.0374699209350292,-2.509501211807739,-2.509501211807739,-1.4263172233064358,2,0,4,IC50,IC50,B,B,,,CHEMBL4014727,CHEMBL1816689;CHEMBL3998873;CHEMBL4434238;CHEMBL5626093,CHEMBL4014283,CHEMBL1811912;CHEMBL3997794;CHEMBL4433239;CHEMBL5625174,1,4
SmHDAC8::JTDYUFSDZATMKU-UHFFFAOYSA-N,SmHDAC8,Histone deacetylase 8,Histone deacetylase 8 (human),JTDYUFSDZATMKU-UHFFFAOYSA-N,CHEMBL96051,O=C(CCCCCN1C(=O)c2cccc3cccc(c23)C1=O)NO,JTDYUFSDZATMKU-UHFFFAOYSA-N,O=C1NC(=O)c2cccc3cccc1c23,0.5649717514124294,-0.2479732663618066,0,10.0,exact_core_consistent,1,3,0.0084745762711864,0.5649717514124294,0.8587570621468926,-2.0718820073061273,-0.2479732663618066,-0.0661296784170341,3,0,3,IC50,IC50,B,B,,,CHEMBL4014727,CHEMBL4322383;CHEMBL4329361;CHEMBL5626108,CHEMBL4014283,CHEMBL4321798;CHEMBL4325904;CHEMBL5625174,1,3
SmHDAC8::KNERULXWBNHIGT-UHFFFAOYSA-N,SmHDAC8,Histone deacetylase 8,Histone deacetylase 8 (human),KNERULXWBNHIGT-UHFFFAOYSA-N,CHEMBL4095643,COc1ccc(C(=O)NO)cc1C(=O)Nc1ccc(Cl)cc1,KNERULXWBNHIGT-UHFFFAOYSA-N,O=C(Nc1ccccc1)c1ccccc1,0.12576508832011563,-0.9004398998618866,0,10.0,exact_core_consistent,1,2,0.1225806451612903,0.12576508832011563,0.1290322580645161,-0.9115780972174626,-0.9004398998618866,-0.8893017025063104,2,0,2,IC50,IC50,B,B,,,CHEMBL4843953,CHEMBL4027180;CHEMBL4843955,CHEMBL4842354,CHEMBL4024766;CHEMBL4842354,1,2
SmHDAC8::KVRSVMKECKEIPI-UHFFFAOYSA-N,SmHDAC8,Histone deacetylase 8,Histone deacetylase 8 (human),KVRSVMKECKEIPI-UHFFFAOYSA-N,CHEMBL4853828,COc1ccc(C(=O)NO)cc1NC(=O)c1ccc2[nH]c3c(c2c1)CN(C)CC3.Cl,KVRSVMKECKEIPI-UHFFFAOYSA-N,O=C(Nc1ccccc1)c1ccc2[nH]c3c(c2c1)CNCC3,1.45,0.16136800223497488,0,10.0,exact_core_consistent,1,1,1.45,1.45,1.45,0.16136800223497488,0.16136800223497488,0.16136800223497488,1,0,1,IC50,IC50,B,B,,,CHEMBL4843953,CHEMBL4843955,CHEMBL4842354,CHEMBL4842354,1,1
SmHDAC8::KZDIIWXOZJOZET-UHFFFAOYSA-N,SmHDAC8,Histone deacetylase 8,Histone deacetylase 8 (human),KZDIIWXOZJOZET-UHFFFAOYSA-N,CHEMBL3798892,CCOc1ccc(C(=O)Nc2cc(C(=O)NO)ccc2OC)cc1,KZDIIWXOZJOZET-UHFFFAOYSA-N,O=C(Nc1ccccc1)c1ccccc1,1.4444986966549787,0.15971715432434444,0,10.0,exact_core_consistent,1,2,1.4373770491803275,1.4444986966549787,1.4516556291390728,0.15757070612952678,0.15971715432434444,0.1618636025191621,2,0,2,IC50,IC50,B,B,,,CHEMBL3803623;CHEMBL4014727,CHEMBL3803862,CHEMBL3797085;CHEMBL4014283,CHEMBL3797085,2,1
SmHDAC8::LJYNCXNVPFKCRG-UHFFFAOYSA-N,SmHDAC8,Histone deacetylase 8,Histone deacetylase 8 (human),LJYNCXNVPFKCRG-UHFFFAOYSA-N,CHEMBL4869895,COc1ccc(C(=O)NO)cc1NCc1cccc2c1oc1ccccc12,LJYNCXNVPFKCRG-UHFFFAOYSA-N,c1ccc(NCc2cccc3c2oc2ccccc23)cc1,1.9111111111111112,0.28128593746822406,0,10.0,exact_core_consistent,1,1,1.9111111111111112,1.9111111111111112,1.9111111111111112,0.28128593746822406,0.28128593746822406,0.28128593746822406,1,0,1,IC50,IC50,B,B,,,CHEMBL4843953,CHEMBL4843955,CHEMBL4842354,CHEMBL4842354,1,1
SmHDAC8::LLAPOEIECXFUIX-UHFFFAOYSA-N,SmHDAC8,Histone deacetylase 8,Histone deacetylase 8 (human),LLAPOEIECXFUIX-UHFFFAOYSA-N,CHEMBL4846377,CN1CCN(NC(=O)c2cccc(C(=O)NO)c2)CC1,LLAPOEIECXFUIX-UHFFFAOYSA-N,O=C(NN1CCNCC1)c1ccccc1,1.7466666666666666,0.2422100322640642,0,10.0,exact_core_consistent,1,2,1.7466666666666666,1.7466666666666666,1.7466666666666666,0.2422100322640642,0.2422100322640642,0.2422100322640642,1,0,2,IC50,IC50,B,B,,,CHEMBL4811360;CHEMBL5527828,CHEMBL5527829,CHEMBL4811216;CHEMBL5523771,CHEMBL5523771,2,1
SmHDAC8::LOPNSVKBMZZEHH-BJMVGYQFSA-N,SmHDAC8,Histone deacetylase 8,Histone deacetylase 8 (human),LOPNSVKBMZZEHH-BJMVGYQFSA-N,CHEMBL4872913,O=C(/C=C/c1ccccc1Sc1ccc(Cl)cc1)NO,LOPNSVKBMZZEHH-BJMVGYQFSA-N,c1ccc(Sc2ccccc2)cc1,1.0,0.0,0,10.0,exact_core_consistent,1,1,1.0,1.0,1.0,0.0,0.0,0.0,1,0,1,IC50,IC50,B,B,,,CHEMBL4811364,CHEMBL4811367,CHEMBL4811216,CHEMBL4811216,1,1
SmHDAC8::LQRFJNODHXVTSC-SANMLTNESA-N,SmHDAC8,Histone deacetylase 8,Histone deacetylase 8 (human),LQRFJNODHXVTSC-SANMLTNESA-N,CHEMBL4070647,CC(C)(C)Oc1ccc(C[C@@H]2N=C(c3ccccc3)c3ccccc3N(CCCCC(=O)NO)C2=O)cc1,LQRFJNODHXVTSC-SANMLTNESA-N,O=C1Nc2ccccc2C(c2ccccc2)=NC1Cc1ccccc1,0.3203883495145631,-0.49432328482728477,0,10.0,exact_core_consistent,1,1,0.3203883495145631,0.3203883495145631,0.3203883495145631,-0.49432328482728477,-0.49432328482728477,-0.49432328482728477,1,0,1,IC50,IC50,B,B,,,CHEMBL4014727,CHEMBL3998873,CHEMBL4014283,CHEMBL3997794,1,1
SmHDAC8::LRBWQUWEXVLAOU-UHFFFAOYSA-N,SmHDAC8,Histone deacetylase 8,Histone deacetylase 8 (human),LRBWQUWEXVLAOU-UHFFFAOYSA-N,CHEMBL3797939,O=C(NO)c1ccc(Cl)c(NC(=O)c2cccc(OCc3ccccc3)c2)c1,LRBWQUWEXVLAOU-UHFFFAOYSA-N,O=C(Nc1ccccc1)c1cccc(OCc2ccccc2)c1,0.5654850106559216,-0.2475789024550556,0,10.0,exact_core_consistent,1,2,0.5639285620347722,0.5654850106559216,0.5670457550912457,-0.24877590856830792,-0.2475789024550556,-0.24638189634180324,2,0,2,IC50,IC50,B,B,,,CHEMBL3803623;CHEMBL4014727,CHEMBL3803862,CHEMBL3797085;CHEMBL4014283,CHEMBL3797085,2,1
SmHDAC8::MJRWUUWLMYRYBZ-HIXSDJFHSA-N,SmHDAC8,Histone deacetylase 8,Histone deacetylase 8 (human),MJRWUUWLMYRYBZ-HIXSDJFHSA-N,CHEMBL4877604,COc1ccc(C(=O)NO)cc1NC(=O)c1cccc2c1/C(=N/O)c1ccccc1-2,MJRWUUWLMYRYBZ-HIXSDJFHSA-N,N=C1c2ccccc2-c2cccc(C(=O)Nc3ccccc3)c21,0.46875,-0.32905871926422475,0,10.0,exact_core_consistent,1,1,0.46875,0.46875,0.46875,-0.32905871926422475,-0.32905871926422475,-0.32905871926422475,1,0,1,IC50,IC50,B,B,,,CHEMBL4843953,CHEMBL4843955,CHEMBL4842354,CHEMBL4842354,1,1
SmHDAC8::MOIOAZADOXUMQW-UHFFFAOYSA-N,SmHDAC8,Histone deacetylase 8,Histone deacetylase 8 (human),MOIOAZADOXUMQW-UHFFFAOYSA-N,CHEMBL4850958,COc1ccc(C(=O)NO)cc1C(=O)Nc1cccc(Cl)c1,MOIOAZADOXUMQW-UHFFFAOYSA-N,O=C(Nc1ccccc1)c1ccccc1,1.6470588235294117,0.21670910996394527,0,10.0,exact_core_consistent,1,1,1.6470588235294117,1.6470588235294117,1.6470588235294117,0.21670910996394527,0.21670910996394527,0.21670910996394527,1,0,1,IC50,IC50,B,B,,,CHEMBL4843953,CHEMBL4843955,CHEMBL4842354,CHEMBL4842354,1,1
SmHDAC8::MOWGJAJBYVLPPG-UHFFFAOYSA-N,SmHDAC8,Histone deacetylase 8,Histone deacetylase 8 (human),MOWGJAJBYVLPPG-UHFFFAOYSA-N,CHEMBL4855490,COc1ccc(C(=O)NO)cc1NC(=O)c1ccc(-c2ccccc2)cc1Cl,MOWGJAJBYVLPPG-UHFFFAOYSA-N,O=C(Nc1ccccc1)c1ccc(-c2ccccc2)cc1,11.000000000000002,1.0413926851582251,1,10.0,exact_core_consistent,1,1,11.0,11.000000000000002,11.0,1.0413926851582251,1.0413926851582251,1.0413926851582251,1,1,0,IC50,IC50,B,B,,,CHEMBL4843953,CHEMBL4843955,CHEMBL4842354,CHEMBL4842354,1,1
SmHDAC8::MRHRACKJKBOJEI-UHFFFAOYSA-N,SmHDAC8,Histone deacetylase 8,Histone deacetylase 8 (human),MRHRACKJKBOJEI-UHFFFAOYSA-N,CHEMBL3800394,COc1ccc(C(=O)NO)cc1NC(=O)c1ccc(-c2ccccc2)cc1,MRHRACKJKBOJEI-UHFFFAOYSA-N,O=C(Nc1ccccc1)c1ccc(-c2ccccc2)cc1,0.39391929857916763,-0.40459274206180623,0,10.0,exact_core_consistent,1,6,0.09,0.39391929857916763,1.7241379310344829,-1.0457574905606752,-0.40459274206180623,0.23657200643706275,6,0,6,IC50,IC50,B,B,,,CHEMBL3803623;CHEMBL4014727;CHEMBL4843953,CHEMBL3803862;CHEMBL4843955,CHEMBL3797085;CHEMBL4014283;CHEMBL4842354,CHEMBL3797085;CHEMBL4842354,3,2
SmHDAC8::NFEAFZINXHGOQE-UHFFFAOYSA-N,SmHDAC8,Histone deacetylase 8,Histone deacetylase 8 (human),NFEAFZINXHGOQE-UHFFFAOYSA-N,CHEMBL3800182,COc1ccc(C(=O)NO)cc1S(=O)(=O)Nc1ccc(C)cc1,NFEAFZINXHGOQE-UHFFFAOYSA-N,O=S(=O)(Nc1ccccc1)c1ccccc1,0.040625039618263706,-1.3912062024811327,0,10.0,exact_core_consistent,1,2,0.0404263138552003,0.040625039618263706,0.0408247422680412,-1.3933358566215326,-1.3912062024811327,-1.389076548340733,2,0,2,IC50,IC50,B,B,,,CHEMBL3803623;CHEMBL4014727,CHEMBL3803862,CHEMBL3797085;CHEMBL4014283,CHEMBL3797085,2,1
SmHDAC8::NLOPDNFVGBQPLK-UHFFFAOYSA-N,SmHDAC8,Histone deacetylase 8,Histone deacetylase 8 (human),NLOPDNFVGBQPLK-UHFFFAOYSA-N,CHEMBL3797314,O=C(NO)c1cccc(NC(=O)c2ccccc2)c1,NLOPDNFVGBQPLK-UHFFFAOYSA-N,O=C(Nc1ccccc1)c1ccccc1,1.243669616199976,0.09470502431140106,0,10.0,exact_core_consistent,1,2,1.2430585219991457,1.243669616199976,1.2442810108179758,0.09449157528928295,0.09470502431140106,0.09491847333351916,2,0,2,IC50,IC50,B,B,,,CHEMBL3803623;CHEMBL4014727,CHEMBL3803862,CHEMBL3797085;CHEMBL4014283,CHEMBL3797085,2,1
SmHDAC8::NRHLTNNRCQOFMH-UHFFFAOYSA-N,SmHDAC8,Histone deacetylase 8,Histone deacetylase 8 (human),NRHLTNNRCQOFMH-UHFFFAOYSA-N,CHEMBL3800615,O=C(NO)c1ccc(Cl)c(NC(=O)c2ccc(Cl)cc2)c1,NRHLTNNRCQOFMH-UHFFFAOYSA-N,O=C(Nc1ccccc1)c1ccccc1,1.2448842599407852,0.095128975844908,0,10.0,exact_core_consistent,1,2,1.244141457179378,1.2448842599407852,1.2456275061854791,0.09486976184982576,0.095128975844908,0.09538818983999023,2,0,2,IC50,IC50,B,B,,,CHEMBL3803623;CHEMBL4014727,CHEMBL3803862,CHEMBL3797085;CHEMBL4014283,CHEMBL3797085,2,1
SmHDAC8::NXLUFTCWMNFMML-UHFFFAOYSA-N,SmHDAC8,Histone deacetylase 8,Histone deacetylase 8 (human),NXLUFTCWMNFMML-UHFFFAOYSA-N,CHEMBL4176696,O=C(NO)c1cn(-c2cc(Cl)ccc2Oc2ccc(F)cc2)nn1,NXLUFTCWMNFMML-UHFFFAOYSA-N,c1ccc(Oc2ccccc2-n2ccnn2)cc1,4.365079365079366,0.639992144376681,0,10.0,exact_core_consistent,1,1,4.365079365079365,4.365079365079366,4.365079365079365,0.639992144376681,0.639992144376681,0.639992144376681,1,0,1,IC50,IC50,B,B,,,CHEMBL4158657,CHEMBL4158658,CHEMBL4152383,CHEMBL4152383,1,1
SmHDAC8::OJGGPIKUTJXGPJ-UHFFFAOYSA-N,SmHDAC8,Histone deacetylase 8,Histone deacetylase 8 (human),OJGGPIKUTJXGPJ-UHFFFAOYSA-N,CHEMBL4847732,COc1ccc(NC(=O)c2cc(C(=O)NO)ccc2OC)cc1,OJGGPIKUTJXGPJ-UHFFFAOYSA-N,O=C(Nc1ccccc1)c1ccccc1,0.627906976744186,-0.2021046914205992,0,10.0,exact_core_consistent,1,1,0.627906976744186,0.627906976744186,0.627906976744186,-0.2021046914205992,-0.2021046914205992,-0.2021046914205992,1,0,1,IC50,IC50,B,B,,,CHEMBL4843953,CHEMBL4843955,CHEMBL4842354,CHEMBL4842354,1,1
SmHDAC8::OOXJOYOKCIHZDO-UHFFFAOYSA-N,SmHDAC8,Histone deacetylase 8,Histone deacetylase 8 (human),OOXJOYOKCIHZDO-UHFFFAOYSA-N,CHEMBL4857763,O=C(NO)c1ccc(Cl)c(NC(=O)c2ccc(-c3ccccc3)cc2)c1,OOXJOYOKCIHZDO-UHFFFAOYSA-N,O=C(Nc1ccccc1)c1ccc(-c2ccccc2)cc1,1.125,0.05115252244738129,0,10.0,exact_core_consistent,1,1,1.125,1.125,1.125,0.05115252244738129,0.05115252244738129,0.05115252244738129,1,0,1,IC50,IC50,B,B,,,CHEMBL4843953,CHEMBL4843955,CHEMBL4842354,CHEMBL4842354,1,1
SmHDAC8::PAWIYAYFNXQGAP-UHFFFAOYSA-N,SmHDAC8,Histone deacetylase 8,Histone deacetylase 8 (human),PAWIYAYFNXQGAP-UHFFFAOYSA-N,CHEMBL2105763,Cn1cc(CNCC2CCN(c3ncc(C(=O)NO)cn3)CC2)c2ccccc21,PAWIYAYFNXQGAP-UHFFFAOYSA-N,c1cnc(N2CCC(CNCc3c[nH]c4ccccc34)CC2)nc1,0.08022713270202449,-1.095678729098028,0,10.0,exact_core_consistent,1,6,0.01318391562294,0.08022713270202449,0.7152274225444958,-1.8799555851227496,-1.095678729098028,-0.14555584260218213,6,0,6,IC50,IC50,B,B,,,CHEMBL4158657,CHEMBL4158658;CHEMBL4158667;CHEMBL4158668;CHEMBL4771393;CHEMBL5048741;CHEMBL5097244,CHEMBL4152383,CHEMBL4152383;CHEMBL4765362;CHEMBL5046276;CHEMBL5096165,1,4
SmHDAC8::PHEWDXYTRTUNJV-UHFFFAOYSA-N,SmHDAC8,Histone deacetylase 8,Histone deacetylase 8 (human),PHEWDXYTRTUNJV-UHFFFAOYSA-N,CHEMBL4093480,O=C(NO)c1ccc(Cl)c(C(=O)Nc2ccc(Cl)cc2)c1,PHEWDXYTRTUNJV-UHFFFAOYSA-N,O=C(Nc1ccccc1)c1ccccc1,0.5378254348272378,-0.26935866298308725,0,10.0,exact_core_consistent,1,2,0.5303030303030303,0.5378254348272378,0.5454545454545454,-0.27547589119159305,-0.26935866298308725,-0.26324143477458145,2,0,2,IC50,IC50,B,B,,,CHEMBL4843953,CHEMBL4027180;CHEMBL4843955,CHEMBL4842354,CHEMBL4024766;CHEMBL4842354,1,2
SmHDAC8::PSSKBDDWOXOBRP-UHFFFAOYSA-N,SmHDAC8,Histone deacetylase 8,Histone deacetylase 8 (human),PSSKBDDWOXOBRP-UHFFFAOYSA-N,CHEMBL4846424,COc1ccc(C(C)=O)cc1NC(=O)c1cc(C(=O)NO)ccc1C,PSSKBDDWOXOBRP-UHFFFAOYSA-N,O=C(Nc1ccccc1)c1ccccc1,0.5,-0.3010299956639812,0,10.0,exact_core_consistent,1,1,0.5,0.5,0.5,-0.3010299956639812,-0.3010299956639812,-0.3010299956639812,1,0,1,IC50,IC50,B,B,,,CHEMBL4843953,CHEMBL4843955,CHEMBL4842354,CHEMBL4842354,1,1
SmHDAC8::PUEWPZJYXGLIPS-UHFFFAOYSA-N,SmHDAC8,Histone deacetylase 8,Histone deacetylase 8 (human),PUEWPZJYXGLIPS-UHFFFAOYSA-N,CHEMBL4065863,Cc1ccc(C(=O)NO)cc1C(=O)Nc1ccc(Cl)cc1,PUEWPZJYXGLIPS-UHFFFAOYSA-N,O=C(Nc1ccccc1)c1ccccc1,0.3393398225253192,-0.4693651716305387,0,10.0,exact_core_consistent,1,2,0.3333333333333333,0.3393398225253192,0.3454545454545454,-0.47712125471966244,-0.4693651716305387,-0.46160908854141497,2,0,2,IC50,IC50,B,B,,,CHEMBL4843953,CHEMBL4027180;CHEMBL4843955,CHEMBL4842354,CHEMBL4024766;CHEMBL4842354,1,2
SmHDAC8::PZHHLVFWYKDPSX-UHFFFAOYSA-N,SmHDAC8,Histone deacetylase 8,Histone deacetylase 8 (human),PZHHLVFWYKDPSX-UHFFFAOYSA-N,CHEMBL4853162,CSc1ccc(C(=O)NO)cc1NC(=O)c1ccc(-c2ccccc2)cc1,PZHHLVFWYKDPSX-UHFFFAOYSA-N,O=C(Nc1ccccc1)c1ccc(-c2ccccc2)cc1,2.2,0.3424226808222063,0,10.0,exact_core_consistent,1,1,2.2,2.2,2.2,0.3424226808222063,0.3424226808222063,0.3424226808222063,1,0,1,IC50,IC50,B,B,,,CHEMBL4843953,CHEMBL4843955,CHEMBL4842354,CHEMBL4842354,1,1
SmHDAC8::QYQJYIXAKHPKTG-UHFFFAOYSA-N,SmHDAC8,Histone deacetylase 8,Histone deacetylase 8 (human),QYQJYIXAKHPKTG-UHFFFAOYSA-N,CHEMBL4878864,CCCCCCC(=O)N(O)C1CC(=O)C(c2ccc(Cl)cc2)C1=O,QYQJYIXAKHPKTG-UHFFFAOYSA-N,O=C1CCC(=O)C1c1ccccc1,1.3981818181818182,0.1455636503071872,0,10.0,exact_core_consistent,1,1,1.3981818181818182,1.3981818181818182,1.3981818181818182,0.1455636503071872,0.1455636503071872,0.1455636503071872,1,0,1,IC50,IC50,B,B,,,CHEMBL4811364,CHEMBL4811367,CHEMBL4811216,CHEMBL4811216,1,1
SmHDAC8::RFROQVRGDKTHLN-UHFFFAOYSA-N,SmHDAC8,Histone deacetylase 8,Histone deacetylase 8 (human),RFROQVRGDKTHLN-UHFFFAOYSA-N,CHEMBL4847326,COc1ccc(C(=O)NO)cc1NC(=O)c1cccc2c1oc1ccccc12,RFROQVRGDKTHLN-UHFFFAOYSA-N,O=C(Nc1ccccc1)c1cccc2c1oc1ccccc12,1.1851851851851851,0.07378621416091864,0,10.0,exact_core_consistent,1,1,1.1851851851851851,1.1851851851851851,1.1851851851851851,0.07378621416091864,0.07378621416091864,0.07378621416091864,1,0,1,IC50,IC50,B,B,,,CHEMBL4843953,CHEMBL4843955,CHEMBL4842354,CHEMBL4842354,1,1
SmHDAC8::RHPDEYIVLYNXPS-UHFFFAOYSA-N,SmHDAC8,Histone deacetylase 8,Histone deacetylase 8 (human),RHPDEYIVLYNXPS-UHFFFAOYSA-N,CHEMBL4866890,COc1ccc(C(C)=O)cc1NC(=O)c1cc(C(=O)NO)ccc1Cl,RHPDEYIVLYNXPS-UHFFFAOYSA-N,O=C(Nc1ccccc1)c1ccccc1,0.3103448275862069,-0.5081554884596312,0,10.0,exact_core_consistent,1,1,0.3103448275862069,0.3103448275862069,0.3103448275862069,-0.5081554884596312,-0.5081554884596312,-0.5081554884596312,1,0,1,IC50,IC50,B,B,,,CHEMBL4843953,CHEMBL4843955,CHEMBL4842354,CHEMBL4842354,1,1
SmHDAC8::RLBGLCXAYWCPDM-UHFFFAOYSA-N,SmHDAC8,Histone deacetylase 8,Histone deacetylase 8 (human),RLBGLCXAYWCPDM-UHFFFAOYSA-N,CHEMBL3798481,O=C(NO)c1ccc2ccccc2n1,RLBGLCXAYWCPDM-UHFFFAOYSA-N,c1ccc2ncccc2c1,0.07130292865171035,-1.1468926318429968,0,10.0,exact_core_consistent,1,2,0.0709689213893967,0.07130292865171035,0.0716385078817121,-1.148931795281087,-1.1468926318429968,-1.1448534684049065,2,0,2,IC50,IC50,B,B,,,CHEMBL3803623;CHEMBL4014727,CHEMBL3803862,CHEMBL3797085;CHEMBL4014283,CHEMBL3797085,2,1
SmHDAC8::ROYNQMDXPFEFHJ-UHFFFAOYSA-N,SmHDAC8,Histone deacetylase 8,Histone deacetylase 8 (human),ROYNQMDXPFEFHJ-UHFFFAOYSA-N,CHEMBL3797597,Cc1ccc(C(=O)NO)cc1NC(=O)c1ccccc1,ROYNQMDXPFEFHJ-UHFFFAOYSA-N,O=C(Nc1ccccc1)c1ccccc1,1.7459292926713144,0.24202665149757027,0,10.0,exact_core_consistent,1,2,1.73631798450932,1.7459292926713144,1.7555938037865748,0.23962926362355375,0.24202665149757027,0.2444240393715868,2,0,2,IC50,IC50,B,B,,,CHEMBL3803623;CHEMBL4014727,CHEMBL3803862,CHEMBL3797085;CHEMBL4014283,CHEMBL3797085,2,1
SmHDAC8::RQXCVXFEJHFUED-UHFFFAOYSA-N,SmHDAC8,Histone deacetylase 8,Histone deacetylase 8 (human),RQXCVXFEJHFUED-UHFFFAOYSA-N,CHEMBL4870946,CCOc1ccc(C(C)=O)cc1NC(=O)c1cccc(C(=O)NO)c1,RQXCVXFEJHFUED-UHFFFAOYSA-N,O=C(Nc1ccccc1)c1ccccc1,3.6875000000000004,0.5667320289862194,0,10.0,exact_core_consistent,1,1,3.6875,3.6875000000000004,3.6875,0.5667320289862194,0.5667320289862194,0.5667320289862194,1,0,1,IC50,IC50,B,B,,,CHEMBL4843953,CHEMBL4843955,CHEMBL4842354,CHEMBL4842354,1,1
SmHDAC8::RTKIYFITIVXBLE-QEQCGCAPSA-N,SmHDAC8,Histone deacetylase 8,Histone deacetylase 8 (human),RTKIYFITIVXBLE-QEQCGCAPSA-N,CHEMBL99,CC(/C=C/C(=O)NO)=C\[C@@H](C)C(=O)c1ccc(N(C)C)cc1,RTKIYFITIVXBLE-QEQCGCAPSA-N,c1ccccc1,0.1050777313694137,-0.9784893122123934,0,10.0,exact_core_consistent,1,48,0.0069060773480662,0.1050777313694137,1.2569060773480665,-2.160768561861134,-0.9784893122123934,0.09930282612394677,45,0,48,IC50,IC50,B,B,,,CHEMBL4014727,CHEMBL1049816;CHEMBL1634303;CHEMBL1816689;CHEMBL2175141;CHEMBL2318993;CHEMBL2401041;CHEMBL2427138;CHEMBL3238611;CHEMBL3620703;CHEMBL3632101;CHEMBL3766680;CHEMBL3772321;CHEMBL3794868;CHEMBL4042504;CHEMBL4149291;CHEMBL4158908;CHEMBL4199452;CHEMBL4231362;CHEMBL4326250;CHEMBL4329361;CHEMBL4384545;CHEMBL4405134;CHEMBL4422742;CHEMBL4604157;CHEMBL4611581;CHEMBL4685120;CHEMBL4707191;CHEMBL4817345;CHEMBL4824417;CHEMBL5057116;CHEMBL5117691;CHEMBL5118510;CHEMBL5157720;CHEMBL5230269;CHEMBL5326114;CHEMBL5351712;CHEMBL5376350;CHEMBL5524164;CHEMBL5578925;CHEMBL5628544;CHEMBL5628829;CHEMBL5734144;CHEMBL5735574;CHEMBL5738809;CHEMBL827903;CHEMBL960038;CHEMBL991292,CHEMBL4014283,CHEMBL1137993;CHEMBL1143301;CHEMBL1153969;CHEMBL1156016;CHEMBL1629537;CHEMBL1811912;CHEMBL2169804;CHEMBL2311425;CHEMBL2396564;CHEMBL2424579;CHEMBL3232764;CHEMBL3616411;CHEMBL3627628;CHEMBL3763045;CHEMBL3769398;CHEMBL3792358;CHEMBL4041521;CHEMBL4145553;CHEMBL4152390;CHEMBL4196108;CHEMBL4229357;CHEMBL4325829;CHEMBL4325904;CHEMBL4382249;CHEMBL4402587;CHEMBL4422610;CHEMBL4602647;CHEMBL4610053;CHEMBL4680193;CHEMBL4706478;CHEMBL4814005;CHEMBL4823270;CHEMBL5055657;CHEMBL5113481;CHEMBL5113502;CHEMBL5154702;CHEMBL5230083;CHEMBL5325405;CHEMBL5346972;CHEMBL5375948;CHEMBL5523684;CHEMBL5576138;CHEMBL5625236;CHEMBL5625246;CHEMBL5727156;CHEMBL5727872;CHEMBL5729500,1,47
SmHDAC8::SQFOJBYAJUPZOG-UHFFFAOYSA-N,SmHDAC8,Histone deacetylase 8,Histone deacetylase 8 (human),SQFOJBYAJUPZOG-UHFFFAOYSA-N,CHEMBL3799897,O=C(NO)c1cccc(NCc2ccccc2)c1,SQFOJBYAJUPZOG-UHFFFAOYSA-N,c1ccc(CNc2ccccc2)cc1,0.13330214345763786,-0.8751628672077458,0,10.0,exact_core_consistent,1,2,0.1327777777777777,0.13330214345763786,0.1338285799611766,-0.8768746041551687,-0.8751628672077458,-0.8734511302603231,2,0,2,IC50,IC50,B,B,,,CHEMBL3803623;CHEMBL4014727,CHEMBL3803862,CHEMBL3797085;CHEMBL4014283,CHEMBL3797085,2,1
SmHDAC8::SZTVWYMPFHQEBP-UHFFFAOYSA-N,SmHDAC8,Histone deacetylase 8,Histone deacetylase 8 (human),SZTVWYMPFHQEBP-UHFFFAOYSA-N,CHEMBL4852163,CCCOc1ccc(C(C)=O)cc1C(=O)Nc1cc(C(=O)NO)ccc1C,SZTVWYMPFHQEBP-UHFFFAOYSA-N,O=C(Nc1ccccc1)c1ccccc1,1.2727272727272727,0.10473535052001298,0,10.0,exact_core_consistent,1,1,1.2727272727272727,1.2727272727272727,1.2727272727272727,0.10473535052001298,0.10473535052001298,0.10473535052001298,1,0,1,IC50,IC50,B,B,,,CHEMBL4843953,CHEMBL4843955,CHEMBL4842354,CHEMBL4842354,1,1
SmHDAC8::TWZHENNXYLFJPF-UHFFFAOYSA-N,SmHDAC8,Histone deacetylase 8,Histone deacetylase 8 (human),TWZHENNXYLFJPF-UHFFFAOYSA-N,CHEMBL3800299,O=C(NO)c1cccc(NC2CCCCC2)c1,TWZHENNXYLFJPF-UHFFFAOYSA-N,c1ccc(NC2CCCCC2)cc1,0.22862557598199798,-0.6408751873854521,0,10.0,exact_core_consistent,1,2,0.2286010168613906,0.22862557598199798,0.2286501377410468,-0.6409218421108657,-0.6408751873854521,-0.6408285326600387,2,0,2,IC50,IC50,B,B,,,CHEMBL3803623;CHEMBL4014727,CHEMBL3803862,CHEMBL3797085;CHEMBL4014283,CHEMBL3797085,2,1
SmHDAC8::UCRLLMXUASTPGB-UHFFFAOYSA-N,SmHDAC8,Histone deacetylase 8,Histone deacetylase 8 (human),UCRLLMXUASTPGB-UHFFFAOYSA-N,CHEMBL3800411,O=C(NO)c1ccc(Br)c(NC(=O)c2ccccc2)c1,UCRLLMXUASTPGB-UHFFFAOYSA-N,O=C(Nc1ccccc1)c1ccccc1,1.268564213795468,0.1033124557841543,0,10.0,exact_core_consistent,1,2,1.2645348837209305,1.268564213795468,1.2726063829787233,0.1019308143831073,0.1033124557841543,0.10469409718520128,2,0,2,IC50,IC50,B,B,,,CHEMBL3803623;CHEMBL4014727,CHEMBL3803862,CHEMBL3797085;CHEMBL4014283,CHEMBL3797085,2,1
SmHDAC8::UPAYMPOAHXSQCY-UHFFFAOYSA-N,SmHDAC8,Histone deacetylase 8,Histone deacetylase 8 (human),UPAYMPOAHXSQCY-UHFFFAOYSA-N,CHEMBL3798925,O=C(NO)c1ccc(F)c(NC(=O)c2ccccc2)c1,UPAYMPOAHXSQCY-UHFFFAOYSA-N,O=C(Nc1ccccc1)c1ccccc1,1.7882568524788327,0.2524298979066218,0,10.0,exact_core_consistent,1,2,1.7871000393634369,1.7882568524788327,1.7894144144144146,0.252148864384465,0.2524298979066218,0.2527109314287786,2,0,2,IC50,IC50,B,B,,,CHEMBL3803623;CHEMBL4014727,CHEMBL3803862,CHEMBL3797085;CHEMBL4014283,CHEMBL3797085,2,1
SmHDAC8::UYUPOQDZJBPUTQ-UHFFFAOYSA-N,SmHDAC8,Histone deacetylase 8,Histone deacetylase 8 (human),UYUPOQDZJBPUTQ-UHFFFAOYSA-N,CHEMBL3797232,O=C(NO)c1ccc(Cl)c(NC(=O)c2ccc(Cl)cc2Cl)c1,UYUPOQDZJBPUTQ-UHFFFAOYSA-N,O=C(Nc1ccccc1)c1ccccc1,6.199779719299254,0.7923762591123955,0,10.0,exact_core_consistent,1,2,6.185997910135841,6.199779719299254,6.213592233009709,0.7914097689460762,0.7923762591123955,0.793342749278715,2,0,2,IC50,IC50,B,B,,,CHEMBL3803623;CHEMBL4014727,CHEMBL3803862,CHEMBL3797085;CHEMBL4014283,CHEMBL3797085,2,1
SmHDAC8::VSDQIPZOWJKAEG-UHFFFAOYSA-N,SmHDAC8,Histone deacetylase 8,Histone deacetylase 8 (human),VSDQIPZOWJKAEG-UHFFFAOYSA-N,CHEMBL3798833,Cc1ccc(C(=O)NO)cc1NC1CCCCC1,VSDQIPZOWJKAEG-UHFFFAOYSA-N,c1ccc(NC2CCCCC2)cc1,0.1734203217250169,-0.7609000124196915,0,10.0,exact_core_consistent,1,2,0.1730947955390334,0.1734203217250169,0.1737464601032817,-0.7617159899100401,-0.7609000124196915,-0.760084034929343,2,0,2,IC50,IC50,B,B,,,CHEMBL3803623;CHEMBL4014727,CHEMBL3803862,CHEMBL3797085;CHEMBL4014283,CHEMBL3797085,2,1
SmHDAC8::VXWRRICMEGNZFK-UHFFFAOYSA-N,SmHDAC8,Histone deacetylase 8,Histone deacetylase 8 (human),VXWRRICMEGNZFK-UHFFFAOYSA-N,CHEMBL4868510,CCOc1ccc(C(C)=O)cc1NC(=O)c1cc(C(=O)NO)ccc1C,VXWRRICMEGNZFK-UHFFFAOYSA-N,O=C(Nc1ccccc1)c1ccccc1,0.3333333333333333,-0.47712125471966244,0,10.0,exact_core_consistent,1,1,0.3333333333333333,0.3333333333333333,0.3333333333333333,-0.47712125471966244,-0.47712125471966244,-0.47712125471966244,1,0,1,IC50,IC50,B,B,,,CHEMBL4843953,CHEMBL4843955,CHEMBL4842354,CHEMBL4842354,1,1
SmHDAC8::WAEXFXRVDQXREF-UHFFFAOYSA-N,SmHDAC8,Histone deacetylase 8,Histone deacetylase 8 (human),WAEXFXRVDQXREF-UHFFFAOYSA-N,CHEMBL98,O=C(CCCCCCC(=O)Nc1ccccc1)NO,WAEXFXRVDQXREF-UHFFFAOYSA-N,c1ccccc1,0.5301282051282051,-0.27561908880191494,0,10.0,exact_core_conflicting,0,696,0.003525641025641,0.5301282051282051,20.16949152542373,-2.452761908860221,-0.27561908880191494,1.3046949497503866,360,5,691,IC50,IC50,B,B,,,CHEMBL3803623;CHEMBL4014727;CHEMBL4843953,CHEMBL1015471;CHEMBL1021939;CHEMBL1039566;CHEMBL1174638;CHEMBL1634303;CHEMBL1640693;CHEMBL1767518;CHEMBL1828143;CHEMBL1838458;CHEMBL1921156;CHEMBL2014761;CHEMBL2014773;CHEMBL2025281;CHEMBL2175141;CHEMBL2318993;CHEMBL2340965;CHEMBL2343612;CHEMBL2384800;CHEMBL2387798;CHEMBL2390789;CHEMBL2406451;CHEMBL2410635;CHEMBL3047416;CHEMBL3102461;CHEMBL3108332;CHEMBL3111887;CHEMBL3112168;CHEMBL3238611;CHEMBL3238944;CHEMBL3243336;CHEMBL3373321;CHEMBL3376042;CHEMBL3379482;CHEMBL3386362;CHEMBL3388106;CHEMBL3388841;CHEMBL3420550;CHEMBL3421283;CHEMBL3425298;CHEMBL3428547;CHEMBL3578548;CHEMBL3579697;CHEMBL3588680;CHEMBL3620703;CHEMBL3626699;CHEMBL3626715;CHEMBL3627131;CHEMBL3707509;CHEMBL3751629;CHEMBL3760294;CHEMBL3767505;CHEMBL3771761;CHEMBL3772313;CHEMBL3778477;CHEMBL3795919;CHEMBL3803862;CHEMBL3861435;CHEMBL3879716;CHEMBL4017031;CHEMBL4019755;CHEMBL4033998;CHEMBL4047669;CHEMBL4051215;CHEMBL4056381;CHEMBL4056473;CHEMBL4143552;CHEMBL4144360;CHEMBL4156762;CHEMBL4221577;CHEMBL4252385;CHEMBL4254164;CHEMBL4307327;CHEMBL4322383;CHEMBL4330052;CHEMBL4338458;CHEMBL4341201;CHEMBL4344656;CHEMBL4345640;CHEMBL4347606;CHEMBL4361763;CHEMBL4363860;CHEMBL4364743;CHEMBL4370373;CHEMBL4376729;CHEMBL4377246;CHEMBL4396815;CHEMBL4413542;CHEMBL4422759;CHEMBL4422786;CHEMBL4422797;CHEMBL4422801;CHEMBL4422809;CHEMBL4431258;CHEMBL4610130;CHEMBL4612439;CHEMBL4616166;CHEMBL4620322;CHEMBL4628106;CHEMBL4671926;CHEMBL4733670;CHEMBL4768535;CHEMBL4810540;CHEMBL4812491;CHEMBL4817292;CHEMBL4822819;CHEMBL4823343;CHEMBL4823890;CHEMBL4824417;CHEMBL4842878;CHEMBL4843955;CHEMBL4844756;CHEMBL4845107;CHEMBL5038801;CHEMBL5039324;CHEMBL5042119;CHEMBL5044664;CHEMBL5048741;CHEMBL5056743;CHEMBL5099597;CHEMBL5110123;CHEMBL5116332;CHEMBL5116727;CHEMBL5118510;CHEMBL5119295;CHEMBL5120334;CHEMBL5128882;CHEMBL5132039;CHEMBL5138342;CHEMBL5142062;CHEMBL5146445;CHEMBL5146648;CHEMBL5153636;CHEMBL5157730;CHEMBL5158339;CHEMBL5215117;CHEMBL5217063;CHEMBL5225558;CHEMBL5226425;CHEMBL5230269;CHEMBL5230969;CHEMBL5241041;CHEMBL5253344;CHEMBL5259656;CHEMBL5318353;CHEMBL5326957;CHEMBL5328895;CHEMBL5332409;CHEMBL5355891;CHEMBL5356822;CHEMBL5367110;CHEMBL5383386;CHEMBL5391360;CHEMBL5501945;CHEMBL5514702;CHEMBL5521274;CHEMBL5541164;CHEMBL5550839;CHEMBL5580343;CHEMBL5581595;CHEMBL5587350;CHEMBL5611510;CHEMBL5614810;CHEMBL5626086;CHEMBL5626101;CHEMBL5628889;CHEMBL5635216;CHEMBL5658033;CHEMBL5716484;CHEMBL5732287;CHEMBL5734144;CHEMBL5738719;CHEMBL695893;CHEMBL946993;CHEMBL960371,CHEMBL3797085;CHEMBL4014283;CHEMBL4842354,CHEMBL1137690;CHEMBL1137945;CHEMBL1138526;CHEMBL1139366;CHEMBL1142268;CHEMBL1154687;CHEMBL1177773;CHEMBL1629443;CHEMBL1629537;CHEMBL1765034;CHEMBL1821635;CHEMBL1833905;CHEMBL1914352;CHEMBL2010669;CHEMBL2021781;CHEMBL2169804;CHEMBL2311425;CHEMBL2331470;CHEMBL2331483;CHEMBL2380312;CHEMBL2384964;CHEMBL2384983;CHEMBL2401729;CHEMBL2406958;CHEMBL3045820;CHEMBL3098008;CHEMBL3102702;CHEMBL3108745;CHEMBL3108758;CHEMBL3232764;CHEMBL3232837;CHEMBL3232879;CHEMBL3351349;CHEMBL3351740;CHEMBL3351757;CHEMBL3352093;CHEMBL3352570;CHEMBL3352629;CHEMBL3414430;CHEMBL3414552;CHEMBL3421568;CHEMBL3425494;CHEMBL3576788;CHEMBL3576845;CHEMBL3585316;CHEMBL3616411;CHEMBL3621077;CHEMBL3621100;CHEMBL3621197;CHEMBL3638915;CHEMBL3745678;CHEMBL3758160;CHEMBL3763038;CHEMBL3769396;CHEMBL3769398;CHEMBL3774354;CHEMBL3792283;CHEMBL3797085;CHEMBL3860079;CHEMBL3877334;CHEMBL4014348;CHEMBL4017517;CHEMBL4033620;CHEMBL4043255;CHEMBL4049428;CHEMBL4052702;CHEMBL4052703;CHEMBL4138235;CHEMBL4138269;CHEMBL4152341;CHEMBL4219109;CHEMBL4251567;CHEMBL4251618;CHEMBL4304789;CHEMBL4321798;CHEMBL4325935;CHEMBL4334526;CHEMBL4340522;CHEMBL4342471;CHEMBL4342504;CHEMBL4346670;CHEMBL4359851;CHEMBL4359920;CHEMBL4364248;CHEMBL4368915;CHEMBL4373747;CHEMBL4376807;CHEMBL4393743;CHEMBL4411315;CHEMBL4422610;CHEMBL4428137;CHEMBL4609972;CHEMBL4610108;CHEMBL4613315;CHEMBL4619724;CHEMBL4627284;CHEMBL4665844;CHEMBL4732071;CHEMBL4765277;CHEMBL4808220;CHEMBL4811252;CHEMBL4814003;CHEMBL4819131;CHEMBL4823243;CHEMBL4823254;CHEMBL4823270;CHEMBL4842326;CHEMBL4842354;CHEMBL4842376;CHEMBL4842385;CHEMBL5038570;CHEMBL5038581;CHEMBL5038666;CHEMBL5042524;CHEMBL5046276;CHEMBL5055644;CHEMBL5096224;CHEMBL5108012;CHEMBL5113426;CHEMBL5113441;CHEMBL5113502;CHEMBL5113518;CHEMBL5113534;CHEMBL5126566;CHEMBL5131379;CHEMBL5136998;CHEMBL5137082;CHEMBL5143616;CHEMBL5143621;CHEMBL5150061;CHEMBL5154702;CHEMBL5154721;CHEMBL5214883;CHEMBL5214954;CHEMBL5223156;CHEMBL5226279;CHEMBL5230083;CHEMBL5230103;CHEMBL5236672;CHEMBL5252522;CHEMBL5257099;CHEMBL5316308;CHEMBL5325434;CHEMBL5325505;CHEMBL5331064;CHEMBL5352478;CHEMBL5352506;CHEMBL5365452;CHEMBL5380819;CHEMBL5390237;CHEMBL5500362;CHEMBL5512640;CHEMBL5518216;CHEMBL5537193;CHEMBL5550109;CHEMBL5579806;CHEMBL5579843;CHEMBL5584319;CHEMBL5608247;CHEMBL5614367;CHEMBL5625174;CHEMBL5625247;CHEMBL5634092;CHEMBL5653624;CHEMBL5715942;CHEMBL5726205;CHEMBL5727156;CHEMBL5729443,3,168
SmHDAC8::WKRWYFJYXXBWLI-UHFFFAOYSA-N,SmHDAC8,Histone deacetylase 8,Histone deacetylase 8 (human),WKRWYFJYXXBWLI-UHFFFAOYSA-N,CHEMBL3798183,Cc1ccc(C(=O)NO)cc1NC(=O)c1ccc2ccccc2n1,WKRWYFJYXXBWLI-UHFFFAOYSA-N,O=C(Nc1ccccc1)c1ccc2ccccc2n1,0.31628547566490933,-0.4999207511238408,0,10.0,exact_core_consistent,1,2,0.3152965660770031,0.31628547566490933,0.3172774869109948,-0.5012807591662404,-0.4999207511238408,-0.4985607430814413,2,0,2,IC50,IC50,B,B,,,CHEMBL3803623;CHEMBL4014727,CHEMBL3803862,CHEMBL3797085;CHEMBL4014283,CHEMBL3797085,2,1
SmHDAC8::XJRKOVTYPFIMNR-UHFFFAOYSA-N,SmHDAC8,Histone deacetylase 8,Histone deacetylase 8 (human),XJRKOVTYPFIMNR-UHFFFAOYSA-N,CHEMBL3798870,COc1ccc(C(=O)NO)cc1NC(=O)c1ccccc1,XJRKOVTYPFIMNR-UHFFFAOYSA-N,O=C(Nc1ccccc1)c1ccccc1,0.4643100915858181,-0.33319187702216146,0,10.0,exact_core_consistent,1,2,0.4633954342692206,0.4643100915858181,0.4652265542676501,-0.3340482495306175,-0.33319187702216146,-0.33233550451370536,2,0,2,IC50,IC50,B,B,,,CHEMBL3803623;CHEMBL4014727,CHEMBL3803862,CHEMBL3797085;CHEMBL4014283,CHEMBL3797085,2,1
SmHDAC8::XWYCFRKQCGRJSB-UHFFFAOYSA-N,SmHDAC8,Histone deacetylase 8,Histone deacetylase 8 (human),XWYCFRKQCGRJSB-UHFFFAOYSA-N,CHEMBL3798268,CN(C)c1cccc(C(=O)NO)c1,XWYCFRKQCGRJSB-UHFFFAOYSA-N,c1ccccc1,0.044543147208121796,-1.3512191010237316,0,10.0,exact_core_consistent,1,1,0.0445431472081218,0.044543147208121796,0.0445431472081218,-1.3512191010237316,-1.3512191010237316,-1.3512191010237316,1,0,1,IC50,IC50,B,B,,,CHEMBL3803623,CHEMBL3803862,CHEMBL3797085,CHEMBL3797085,1,1
SmHDAC8::YANSTCQTALFESK-UHFFFAOYSA-N,SmHDAC8,Histone deacetylase 8,Histone deacetylase 8 (human),YANSTCQTALFESK-UHFFFAOYSA-N,CHEMBL4865911,COc1ccc(C(=O)NO)cc1C(=O)Nc1ccc2sccc2c1,YANSTCQTALFESK-UHFFFAOYSA-N,O=C(Nc1ccc2sccc2c1)c1ccccc1,0.4545454545454545,-0.3424226808222063,0,10.0,exact_core_consistent,1,1,0.4545454545454545,0.4545454545454545,0.4545454545454545,-0.3424226808222063,-0.3424226808222063,-0.3424226808222063,1,0,1,IC50,IC50,B,B,,,CHEMBL4843953,CHEMBL4843955,CHEMBL4842354,CHEMBL4842354,1,1
SmHDAC8::YLILLKZMOQFEPM-QGZVFWFLSA-N,SmHDAC8,Histone deacetylase 8,Histone deacetylase 8 (human),YLILLKZMOQFEPM-QGZVFWFLSA-N,CHEMBL4084736,O=C(CCCCN1C(=O)[C@@H](CS)N=C(c2ccccc2)c2ccccc21)NO,YLILLKZMOQFEPM-QGZVFWFLSA-N,O=C1CN=C(c2ccccc2)c2ccccc2N1,0.3885960709151893,-0.410501594854298,0,10.0,exact_core_consistent,1,1,0.3885960709151893,0.3885960709151893,0.3885960709151893,-0.410501594854298,-0.410501594854298,-0.410501594854298,1,0,1,IC50,IC50,B,B,,,CHEMBL4014727,CHEMBL3998873,CHEMBL4014283,CHEMBL3997794,1,1
SmHDAC8::ZHEGDDFUTGGACK-UHFFFAOYSA-N,SmHDAC8,Histone deacetylase 8,Histone deacetylase 8 (human),ZHEGDDFUTGGACK-UHFFFAOYSA-N,CHEMBL3798937,COc1ccc(C(=O)NO)cc1NC(=O)c1ccccc1Cl,ZHEGDDFUTGGACK-UHFFFAOYSA-N,O=C(Nc1ccccc1)c1ccccc1,0.3035849192608918,-0.517719806045495,0,10.0,exact_core_consistent,1,2,0.3019591019591019,0.3035849192608918,0.3052194903372215,-0.5200518749113183,-0.517719806045495,-0.5153877371796716,2,0,2,IC50,IC50,B,B,,,CHEMBL3803623;CHEMBL4014727,CHEMBL3803862,CHEMBL3797085;CHEMBL4014283,CHEMBL3797085,2,1
SmHDAC8::ZYQYZHLRFTUUIF-UHFFFAOYSA-N,SmHDAC8,Histone deacetylase 8,Histone deacetylase 8 (human),ZYQYZHLRFTUUIF-UHFFFAOYSA-N,CHEMBL3797455,COc1ccc(C(=O)Nc2cc(C(=O)NO)ccc2Cl)cc1,ZYQYZHLRFTUUIF-UHFFFAOYSA-N,O=C(Nc1ccccc1)c1ccccc1,1.5972400126374615,0.2033701812180138,0,10.0,exact_core_consistent,1,2,1.5928605232911903,1.5972400126374615,1.601631543167913,0.20217774904849375,0.2033701812180138,0.2045626133875339,2,0,2,IC50,IC50,B,B,,,CHEMBL3803623;CHEMBL4014727,CHEMBL3803862,CHEMBL3797085;CHEMBL4014283,CHEMBL3797085,2,1
TbCathB::BDSGZPUKZJAYIB-UHFFFAOYSA-N,TbCathB,Cathepsin B-like cysteine protease,Cathepsin B (human),BDSGZPUKZJAYIB-UHFFFAOYSA-N,CHEMBL254412,N#Cc1nc(NCc2ccc(Cl)c(Cl)c2)c2ncn(CCCO)c2n1,BDSGZPUKZJAYIB-UHFFFAOYSA-N,c1ccc(CNc2ncnc3[nH]cnc23)cc1,20.111111111111107,1.3034360654298596,1,10.0,exact_core_consistent,1,1,20.11111111111111,20.111111111111107,20.11111111111111,1.3034360654298596,1.3034360654298596,1.3034360654298596,1,1,0,IC50,IC50,B,B,,,CHEMBL926728,CHEMBL926731,CHEMBL1140721,CHEMBL1140721,1,1
TbCathB::DBHAVZJJDUOEBA-UHFFFAOYSA-N,TbCathB,Cathepsin B-like cysteine protease,Cathepsin B (human),DBHAVZJJDUOEBA-UHFFFAOYSA-N,CHEMBL255087,Cc1ccc(CNc2nc(C#N)nc3c2ncn3CCCO)cc1,DBHAVZJJDUOEBA-UHFFFAOYSA-N,c1ccc(CNc2ncnc3[nH]cnc23)cc1,1.8309523809523809,0.26267704940353054,0,10.0,exact_core_consistent,1,1,1.8309523809523809,1.8309523809523809,1.8309523809523809,0.26267704940353054,0.26267704940353054,0.26267704940353054,1,0,1,IC50,IC50,B,B,,,CHEMBL926728,CHEMBL926731,CHEMBL1140721,CHEMBL1140721,1,1
TbCathB::MJSSCFDEXZRCPV-UHFFFAOYSA-N,TbCathB,Cathepsin B-like cysteine protease,Cathepsin B (human),MJSSCFDEXZRCPV-UHFFFAOYSA-N,CHEMBL399094,N#Cc1nc(NC2CCCCC2)c2ncn(Cc3ccccc3)c2n1,MJSSCFDEXZRCPV-UHFFFAOYSA-N,c1ccc(Cn2cnc3c(NC4CCCCC4)ncnc32)cc1,7.695652173913044,0.8862454303442138,0,10.0,exact_core_consistent,1,1,7.695652173913044,7.695652173913044,7.695652173913044,0.8862454303442138,0.8862454303442138,0.8862454303442138,1,0,1,IC50,IC50,B,B,,,CHEMBL926728,CHEMBL926731,CHEMBL1140721,CHEMBL1140721,1,1
TbCathB::ROMRXCCECCWMGR-UHFFFAOYSA-N,TbCathB,Cathepsin B-like cysteine protease,Cathepsin B (human),ROMRXCCECCWMGR-UHFFFAOYSA-N,CHEMBL252360,N#Cc1nc(NC2CCCCC2)c2ncn(C3CCCCC3)c2n1,ROMRXCCECCWMGR-UHFFFAOYSA-N,c1nc(NC2CCCCC2)c2ncn(C3CCCCC3)c2n1,2.843373493975903,0.4538339105940326,0,10.0,exact_core_consistent,1,1,2.843373493975903,2.843373493975903,2.843373493975903,0.4538339105940326,0.4538339105940326,0.4538339105940326,1,0,1,IC50,IC50,B,B,,,CHEMBL926728,CHEMBL926731,CHEMBL1140721,CHEMBL1140721,1,1
TbCathB::YUWVGFWHMXEGHR-UHFFFAOYSA-N,TbCathB,Cathepsin B-like cysteine protease,Cathepsin B (human),YUWVGFWHMXEGHR-UHFFFAOYSA-N,CHEMBL252934,N#Cc1nc(NCc2ccc(Cl)cc2)c2ncn(CCCO)c2n1,YUWVGFWHMXEGHR-UHFFFAOYSA-N,c1ccc(CNc2ncnc3[nH]cnc23)cc1,1.824561403508772,0.26115848362628896,0,10.0,exact_core_consistent,1,1,1.824561403508772,1.824561403508772,1.824561403508772,0.26115848362628896,0.26115848362628896,0.26115848362628896,1,0,1,IC50,IC50,B,B,,,CHEMBL926728,CHEMBL926731,CHEMBL1140721,CHEMBL1140721,1,1
TbCathB::ZHUNGDQXZYMKSH-UHFFFAOYSA-N,TbCathB,Cathepsin B-like cysteine protease,Cathepsin B (human),ZHUNGDQXZYMKSH-UHFFFAOYSA-N,CHEMBL402052,CCCn1cnc2c(NC3CCCCC3)nc(C#N)nc21,ZHUNGDQXZYMKSH-UHFFFAOYSA-N,c1nc(NC2CCCCC2)c2nc[nH]c2n1,2.2951807228915664,0.36081688763556424,0,10.0,exact_core_consistent,1,1,2.2951807228915664,2.2951807228915664,2.2951807228915664,0.36081688763556424,0.36081688763556424,0.36081688763556424,1,0,1,IC50,IC50,B,B,,,CHEMBL926728,CHEMBL926731,CHEMBL1140721,CHEMBL1140721,1,1
TbPDEB1::ARSHVDLLDUTOKJ-URLMMPGGSA-N,TbPDEB1,Class 1 phosphodiesterase PDEB1,Phosphodiesterase 4B (human),ARSHVDLLDUTOKJ-URLMMPGGSA-N,CHEMBL3763233,COc1ccc(C2=NN(C3CCCCCC3)C(=O)[C@@H]3CC=CC[C@H]23)cc1OCCCCOc1ccc(-c2nnnn2C)cc1,ARSHVDLLDUTOKJ-URLMMPGGSA-N,O=C1C2CC=CCC2C(c2cccc(OCCCCOc3ccc(-c4nnn[nH]4)cc3)c2)=NN1C1CCCCCC1,0.0631,-1.1999706407558657,0,10.0,exact_core_consistent,1,1,0.0631,0.0631,0.0631,-1.1999706407558657,-1.1999706407558657,-1.1999706407558657,1,0,1,IC50,IC50,B,B,,,CHEMBL3769086,CHEMBL3768905,CHEMBL3763060,CHEMBL3763060,1,1
TbPDEB1::CFBUZOUXXHZCFB-OYOVHJISSA-N,TbPDEB1,Class 1 phosphodiesterase PDEB1,Phosphodiesterase 4B (human),CFBUZOUXXHZCFB-OYOVHJISSA-N,CHEMBL511115,COc1ccc([C@]2(C#N)CC[C@@H](C(=O)O)CC2)cc1OC1CCCC1,CFBUZOUXXHZCFB-OYOVHJISSA-N,c1cc(OC2CCCC2)cc(C2CCCCC2)c1,0.005937500000000001,-2.226396377367077,0,10.0,exact_core_consistent,1,11,0.0015625,0.005937500000000001,0.018,-2.806179973983887,-2.226396377367077,-1.744727494896694,6,0,11,IC50,IC50,B,B,,,CHEMBL3361696,CHEMBL1067577;CHEMBL1786302;CHEMBL1953791;CHEMBL3100394;CHEMBL3100395;CHEMBL4425316;CHEMBL4709040;CHEMBL5152104;CHEMBL5236725;CHEMBL761908;CHEMBL855486,CHEMBL3352078,CHEMBL1135378;CHEMBL1139839;CHEMBL1157644;CHEMBL1782001;CHEMBL1949615;CHEMBL3098108;CHEMBL4425088;CHEMBL4706524;CHEMBL5150007;CHEMBL5236544,1,10
TbPDEB1::DNDNLFXKQSTINI-WUFINQPMSA-N,TbPDEB1,Class 1 phosphodiesterase PDEB1,Phosphodiesterase 4B (human),DNDNLFXKQSTINI-WUFINQPMSA-N,CHEMBL2326941,COc1ccc(C2=NN(C3CCCCCC3)C(=O)[C@@H]3CC=CC[C@H]23)cc1OCCCCOc1ccc(-c2nnn[nH]2)cc1,DNDNLFXKQSTINI-WUFINQPMSA-N,O=C1C2CC=CCC2C(c2cccc(OCCCCOc3ccc(-c4nnn[nH]4)cc3)c2)=NN1C1CCCCCC1,0.14092697384388403,-0.8510058736729068,0,10.0,exact_core_consistent,1,6,0.1253,0.14092697384388403,0.1585028887214268,-0.90204892900585,-0.8510058736729068,-0.7999628183399636,4,0,6,IC50,IC50,B,B,,,CHEMBL2330147;CHEMBL3769086,CHEMBL3768905;CHEMBL3769080,CHEMBL2321836;CHEMBL3763060,CHEMBL3763060,2,1
TbPDEB1::FLCHWTIQFVHCMK-IOWSJCHKSA-N,TbPDEB1,Class 1 phosphodiesterase PDEB1,Phosphodiesterase 4B (human),FLCHWTIQFVHCMK-IOWSJCHKSA-N,CHEMBL3765037,COc1ccc(C2=NN(C3CCCCCC3)C(=O)[C@@H]3CC=CC[C@H]23)cc1OCCCCOc1ccc(-n2ccnc2)cc1,FLCHWTIQFVHCMK-IOWSJCHKSA-N,O=C1C2CC=CCC2C(c2cccc(OCCCCOc3ccc(-n4ccnc4)cc3)c2)=NN1C1CCCCCC1,0.015845909451945903,-1.800082830085098,0,10.0,exact_core_consistent,1,1,0.0158459094519459,0.015845909451945903,0.0158459094519459,-1.800082830085098,-1.800082830085098,-1.800082830085098,1,0,1,IC50,IC50,B,B,,,CHEMBL3769086,CHEMBL3768905,CHEMBL3763060,CHEMBL3763060,1,1
TbPDEB1::FZHQFKLHOFLUQF-LOSJGSFVSA-N,TbPDEB1,Class 1 phosphodiesterase PDEB1,Phosphodiesterase 4B (human),FZHQFKLHOFLUQF-LOSJGSFVSA-N,CHEMBL3764370,COc1ccc(C2=NN(C3CCCCCC3)C(=O)[C@@H]3CC=CC[C@H]23)cc1OCCCCn1cnc2ncncc21,FZHQFKLHOFLUQF-LOSJGSFVSA-N,O=C1C2CC=CCC2C(c2cccc(OCCCCn3cnc4ncncc43)c2)=NN1C1CCCCCC1,0.1,-1.0,0,10.0,exact_core_consistent,1,1,0.1,0.1,0.1,-1.0,-1.0,-1.0,1,0,1,IC50,IC50,B,B,,,CHEMBL3769086,CHEMBL3768905,CHEMBL3763060,CHEMBL3763060,1,1
TbPDEB1::HCUVOVMXCRQQCR-UHFFFAOYSA-N,TbPDEB1,Class 1 phosphodiesterase PDEB1,Phosphodiesterase 4B (human),HCUVOVMXCRQQCR-UHFFFAOYSA-N,CHEMBL1382213,Cc1cc(SCC(=O)c2ccc(O)c(O)c2)n2nc(C)c(-c3ccccc3)c2n1,HCUVOVMXCRQQCR-UHFFFAOYSA-N,O=C(CSc1ccnc2c(-c3ccccc3)cnn12)c1ccccc1,0.3846153846153846,-0.41497334797081803,0,10.0,exact_core_consistent,1,1,0.3846153846153846,0.3846153846153846,0.3846153846153846,-0.41497334797081803,-0.41497334797081803,-0.41497334797081803,1,0,1,IC50,IC50,B,B,,,CHEMBL2330147,CHEMBL2330146,CHEMBL2321836,CHEMBL2321836,1,1
TbPDEB1::HLHIBUVFWATTTK-UHFFFAOYSA-N,TbPDEB1,Class 1 phosphodiesterase PDEB1,Phosphodiesterase 4B (human),HLHIBUVFWATTTK-UHFFFAOYSA-N,CHEMBL2326945,O=C(CCc1nc2ccccc2n(CCc2ccccc2)c1=O)N1CCCCC1,HLHIBUVFWATTTK-UHFFFAOYSA-N,O=C(CCc1nc2ccccc2n(CCc2ccccc2)c1=O)N1CCCCC1,0.2777777777777778,-0.5563025007672873,0,10.0,exact_core_consistent,1,1,0.2777777777777778,0.2777777777777778,0.2777777777777778,-0.5563025007672873,-0.5563025007672873,-0.5563025007672873,1,0,1,IC50,IC50,B,B,,,CHEMBL2330147,CHEMBL2330146,CHEMBL2321836,CHEMBL2321836,1,1
TbPDEB1::JPXAIORZGBCHIB-UHFFFAOYSA-N,TbPDEB1,Class 1 phosphodiesterase PDEB1,Phosphodiesterase 4B (human),JPXAIORZGBCHIB-UHFFFAOYSA-N,CHEMBL2171452,COc1ccc(C2=NN(C3CCCCCC3)C(=O)C2(C)C)cc1OCCCCOc1ccc(-c2nn[nH]n2)cc1,JPXAIORZGBCHIB-UHFFFAOYSA-N,O=C1CC(c2cccc(OCCCCOc3ccc(-c4nn[nH]n4)cc3)c2)=NN1C1CCCCCC1,0.08860912478088316,-1.052521553079805,0,10.0,exact_core_consistent,1,2,0.0836363636363636,0.08860912478088316,0.0938775510204081,-1.07760485781267,-1.052521553079805,-1.02743824834694,2,0,2,IC50,IC50,B,B,,,CHEMBL2175364;CHEMBL2175366,CHEMBL2175358,CHEMBL2169737,CHEMBL2169737,1,1
TbPDEB1::NZTAZJDYGSXAMS-WUFINQPMSA-N,TbPDEB1,Class 1 phosphodiesterase PDEB1,Phosphodiesterase 4B (human),NZTAZJDYGSXAMS-WUFINQPMSA-N,CHEMBL3763271,COc1ccc(C2=NN(C3CCCCCC3)C(=O)[C@@H]3CC=CC[C@H]23)cc1OCCCCOc1ccc(C(=O)O)cc1,NZTAZJDYGSXAMS-WUFINQPMSA-N,O=C1C2CC=CCC2C(c2cccc(OCCCCOc3ccccc3)c2)=NN1C1CCCCCC1,0.0009999051323403003,-3.00004120245554,0,10.0,exact_core_consistent,1,1,0.0009999051323403,0.0009999051323403003,0.0009999051323403,-3.00004120245554,-3.00004120245554,-3.00004120245554,1,0,1,IC50,IC50,B,B,,,CHEMBL3769086,CHEMBL3768905,CHEMBL3763060,CHEMBL3763060,1,1
TbPDEB1::OGVVVHXXDFPPNX-FEHRVWHQSA-N,TbPDEB1,Class 1 phosphodiesterase PDEB1,Phosphodiesterase 4B (human),OGVVVHXXDFPPNX-FEHRVWHQSA-N,CHEMBL3323128,COc1ccc([C@]2(C#N)CC[C@@H](C(=O)O)CC2)cc1OCCCCOc1ccccc1,OGVVVHXXDFPPNX-FEHRVWHQSA-N,c1ccc(OCCCCOc2cccc(C3CCCCC3)c2)cc1,0.04000000000000001,-1.3979400086720375,0,10.0,exact_core_consistent,1,1,0.04,0.04000000000000001,0.04,-1.3979400086720375,-1.3979400086720375,-1.3979400086720375,1,0,1,IC50,IC50,B,B,,,CHEMBL3361696,CHEMBL3361697,CHEMBL3352078,CHEMBL3352078,1,1
TbPDEB1::OKHIBGYAOMMETC-URLMMPGGSA-N,TbPDEB1,Class 1 phosphodiesterase PDEB1,Phosphodiesterase 4B (human),OKHIBGYAOMMETC-URLMMPGGSA-N,CHEMBL3765188,COc1ccc(C2=NN(C3CCCCCC3)C(=O)[C@@H]3CC=CC[C@H]23)cc1OCCCCOc1ccc(-c2nnn(C)n2)cc1,OKHIBGYAOMMETC-URLMMPGGSA-N,O=C1C2CC=CCC2C(c2cccc(OCCCCOc3ccc(-c4nn[nH]n4)cc3)c2)=NN1C1CCCCCC1,0.1585072738772928,-0.799950803274078,0,10.0,exact_core_consistent,1,1,0.1585072738772928,0.1585072738772928,0.1585072738772928,-0.799950803274078,-0.799950803274078,-0.799950803274078,1,0,1,IC50,IC50,B,B,,,CHEMBL3769086,CHEMBL3768905,CHEMBL3763060,CHEMBL3763060,1,1
TbPDEB1::PFSSVNYHTVQLSR-UHFFFAOYSA-N,TbPDEB1,Class 1 phosphodiesterase PDEB1,Phosphodiesterase 4B (human),PFSSVNYHTVQLSR-UHFFFAOYSA-N,CHEMBL2326943,O=C(CCCSc1ncnc2sc(-c3ccccc3)cc12)N1CCOCC1,PFSSVNYHTVQLSR-UHFFFAOYSA-N,O=C(CCCSc1ncnc2sc(-c3ccccc3)cc12)N1CCOCC1,1.1666666666666667,0.06694678963061322,0,10.0,exact_core_consistent,1,1,1.1666666666666667,1.1666666666666667,1.1666666666666667,0.06694678963061322,0.06694678963061322,0.06694678963061322,1,0,1,IC50,IC50,B,B,,,CHEMBL2330147,CHEMBL2330146,CHEMBL2321836,CHEMBL2321836,1,1
TbPDEB1::PSEOWXHNKGQICS-RBUKOAKNSA-N,TbPDEB1,Class 1 phosphodiesterase PDEB1,Phosphodiesterase 4B (human),PSEOWXHNKGQICS-RBUKOAKNSA-N,CHEMBL3763456,COc1ccc(C2=NN(C3CCCCCC3)C(=O)[C@@H]3CC=CC[C@H]23)cc1OC,PSEOWXHNKGQICS-RBUKOAKNSA-N,O=C1C2CC=CCC2C(c2ccccc2)=NN1C1CCCCCC1,0.0019953831072320005,-2.6999737088075757,0,10.0,exact_core_consistent,1,1,0.001995383107232,0.0019953831072320005,0.001995383107232,-2.6999737088075757,-2.6999737088075757,-2.6999737088075757,1,0,1,IC50,IC50,B,B,,,CHEMBL3769086,CHEMBL3768905,CHEMBL3763060,CHEMBL3763060,1,1
TbPDEB1::VDTMIFSSEGBKSM-UHFFFAOYSA-N,TbPDEB1,Class 1 phosphodiesterase PDEB1,Phosphodiesterase 4B (human),VDTMIFSSEGBKSM-UHFFFAOYSA-N,CHEMBL2326946,O=C(NCc1ccc(Cn2cncn2)cc1)c1ccc2[nH]c3c(c2c1)CCCC3,VDTMIFSSEGBKSM-UHFFFAOYSA-N,O=C(NCc1ccc(Cn2cncn2)cc1)c1ccc2[nH]c3c(c2c1)CCCC3,0.9066666666666666,-0.04255235068546375,0,10.0,exact_core_consistent,1,1,0.9066666666666666,0.9066666666666666,0.9066666666666666,-0.04255235068546375,-0.04255235068546375,-0.04255235068546375,1,0,1,IC50,IC50,B,B,,,CHEMBL2330147,CHEMBL2330146,CHEMBL2321836,CHEMBL2321836,1,1
TbPDEB1::WZHUFVUXLFXDDP-UHFFFAOYSA-N,TbPDEB1,Class 1 phosphodiesterase PDEB1,Phosphodiesterase 4B (human),WZHUFVUXLFXDDP-UHFFFAOYSA-N,CHEMBL2326944,O=C1c2cccc3cccc(c23)C(=O)N1CCCC(=O)N(Cc1ccco1)C1CC1,WZHUFVUXLFXDDP-UHFFFAOYSA-N,O=C1c2cccc3cccc(c23)C(=O)N1CCCC(=O)N(Cc1ccco1)C1CC1,0.3902439024390244,-0.4086638740638107,0,10.0,exact_core_consistent,1,1,0.3902439024390244,0.3902439024390244,0.3902439024390244,-0.4086638740638107,-0.4086638740638107,-0.4086638740638107,1,0,1,IC50,IC50,B,B,,,CHEMBL2330147,CHEMBL2330146,CHEMBL2321836,CHEMBL2321836,1,1
TbPDEB1::ZFNQZVBBVIGUGE-UHFFFAOYSA-N,TbPDEB1,Class 1 phosphodiesterase PDEB1,Phosphodiesterase 4B (human),ZFNQZVBBVIGUGE-UHFFFAOYSA-N,CHEMBL2326942,CCCn1c(=O)n(C)c(=O)c2c(SCC(=O)c3ccc(Cl)cc3)nc(CC(C)C)nc21,ZFNQZVBBVIGUGE-UHFFFAOYSA-N,O=C(CSc1ncnc2[nH]c(=O)[nH]c(=O)c12)c1ccccc1,2.6,0.414973347970818,0,10.0,exact_core_consistent,1,1,2.6,2.6,2.6,0.414973347970818,0.414973347970818,0.414973347970818,1,0,1,IC50,IC50,B,B,,,CHEMBL2330147,CHEMBL2330146,CHEMBL2321836,CHEMBL2321836,1,1
